Date (LT),Hour,NowCast Conc.,Conc. Unit,AQI,AQI Category,QC Name,Covid,D
23/03/2020 00:00,0,50.2,ug/m3,137,Unhealthy for Sensitive Groups,Valid,3,Ma
23/03/2020 01:00,1,64.6,ug/m3,156,Unhealthy,Valid,3,Ma
23/03/2020 02:00,2,81.3,ug/m3,164,Unhealthy,Valid,3,Ma
23/03/2020 03:00,3,89.6,ug/m3,169,Unhealthy,Valid,3,Ma
23/03/2020 04:00,4,88.3,ug/m3,168,Unhealthy,Valid,3,Ma
23/03/2020 05:00,5,75.1,ug/m3,161,Unhealthy,Valid,3,Ma
23/03/2020 06:00,6,69,ug/m3,158,Unhealthy,Valid,3,Ma
23/03/2020 07:00,7,84.5,ug/m3,166,Unhealthy,Valid,3,Ma
23/03/2020 08:00,8,82.2,ug/m3,165,Unhealthy,Valid,3,Ma
23/03/2020 09:00,9,67.1,ug/m3,157,Unhealthy,Valid,3,Ma
23/03/2020 10:00,10,67.5,ug/m3,157,Unhealthy,Valid,3,Ma
23/03/2020 11:00,11,52.2,ug/m3,142,Unhealthy for Sensitive Groups,Valid,3,Ma
23/03/2020 12:00,12,48.6,ug/m3,133,Unhealthy for Sensitive Groups,Valid,3,Ma
23/03/2020 13:00,13,52.3,ug/m3,142,Unhealthy for Sensitive Groups,Valid,3,Ma
23/03/2020 14:00,14,53.1,ug/m3,144,Unhealthy for Sensitive Groups,Valid,3,Ma
23/03/2020 15:00,15,48,ug/m3,132,Unhealthy for Sensitive Groups,Valid,3,Ma
23/03/2020 16:00,16,48,ug/m3,132,Unhealthy for Sensitive Groups,Valid,3,Ma
23/03/2020 17:00,17,51.5,ug/m3,140,Unhealthy for Sensitive Groups,Valid,3,Ma
23/03/2020 18:00,18,62.2,ug/m3,154,Unhealthy,Valid,3,Ma
23/03/2020 19:00,19,74.1,ug/m3,161,Unhealthy,Valid,3,Ma
23/03/2020 20:00,20,89,ug/m3,168,Unhealthy,Valid,3,Ma
23/03/2020 21:00,21,100.5,ug/m3,174,Unhealthy,Valid,3,Ma
23/03/2020 22:00,22,120.2,ug/m3,184,Unhealthy,Valid,3,Ma
23/03/2020 23:00,23,127.1,ug/m3,188,Unhealthy,Valid,3,Ma
24/03/2020 00:00,0,121,ug/m3,185,Unhealthy,Valid,3,Ma
24/03/2020 01:00,1,119.5,ug/m3,184,Unhealthy,Valid,3,Ma
24/03/2020 02:00,2,156.7,ug/m3,207,Very Unhealthy,Valid,3,Ma
24/03/2020 03:00,3,193.9,ug/m3,244,Very Unhealthy,Valid,3,Ma
24/03/2020 04:00,4,212.9,ug/m3,263,Very Unhealthy,Valid,3,Ma
24/03/2020 05:00,5,231,ug/m3,281,Very Unhealthy,Valid,3,Ma
24/03/2020 06:00,6,239,ug/m3,289,Very Unhealthy,Valid,3,Ma
24/03/2020 07:00,7,221,ug/m3,271,Very Unhealthy,Valid,3,Ma
24/03/2020 08:00,8,219,ug/m3,269,Very Unhealthy,Valid,3,Ma
24/03/2020 09:00,9,158.5,ug/m3,209,Very Unhealthy,Valid,3,Ma
24/03/2020 10:00,10,111.2,ug/m3,180,Unhealthy,Valid,3,Ma
24/03/2020 11:00,11,88.1,ug/m3,168,Unhealthy,Valid,3,Ma
24/03/2020 12:00,12,76,ug/m3,162,Unhealthy,Valid,3,Ma
24/03/2020 13:00,13,70.5,ug/m3,159,Unhealthy,Valid,3,Ma
24/03/2020 14:00,14,68.7,ug/m3,158,Unhealthy,Valid,3,Ma
24/03/2020 15:00,15,72.3,ug/m3,160,Unhealthy,Valid,3,Ma
24/03/2020 16:00,16,74.1,ug/m3,161,Unhealthy,Valid,3,Ma
24/03/2020 17:00,17,75.5,ug/m3,161,Unhealthy,Valid,3,Ma
24/03/2020 18:00,18,78.7,ug/m3,163,Unhealthy,Valid,3,Ma
24/03/2020 19:00,19,85.8,ug/m3,167,Unhealthy,Valid,3,Ma
24/03/2020 20:00,20,105.5,ug/m3,177,Unhealthy,Valid,3,Ma
24/03/2020 21:00,21,105.2,ug/m3,177,Unhealthy,Valid,3,Ma
24/03/2020 22:00,22,108,ug/m3,178,Unhealthy,Valid,3,Ma
24/03/2020 23:00,23,133.6,ug/m3,191,Unhealthy,Valid,3,Ma
25/03/2020 00:00,0,180.3,ug/m3,231,Very Unhealthy,Valid,3,Ma
25/03/2020 01:00,1,201.1,ug/m3,251,Very Unhealthy,Valid,3,Ma
25/03/2020 02:00,2,222.6,ug/m3,272,Very Unhealthy,Valid,3,Ma
25/03/2020 03:00,3,186.8,ug/m3,237,Very Unhealthy,Valid,3,Ma
25/03/2020 04:00,4,179.4,ug/m3,230,Very Unhealthy,Valid,3,Ma
25/03/2020 05:00,5,160.7,ug/m3,211,Very Unhealthy,Valid,3,Ma
25/03/2020 06:00,6,150.8,ug/m3,201,Very Unhealthy,Valid,3,Ma
25/03/2020 07:00,7,168.9,ug/m3,219,Very Unhealthy,Valid,3,Ma
25/03/2020 08:00,8,244.4,ug/m3,294,Very Unhealthy,Valid,3,Ma
25/03/2020 09:00,9,232.2,ug/m3,282,Very Unhealthy,Valid,3,Ma
25/03/2020 10:00,10,172.6,ug/m3,223,Very Unhealthy,Valid,3,Ma
25/03/2020 11:00,11,134.8,ug/m3,192,Unhealthy,Valid,3,Ma
25/03/2020 12:00,12,101.8,ug/m3,175,Unhealthy,Valid,3,Ma
25/03/2020 13:00,13,87.9,ug/m3,168,Unhealthy,Valid,3,Ma
25/03/2020 14:00,14,70.9,ug/m3,159,Unhealthy,Valid,3,Ma
25/03/2020 15:00,15,63.9,ug/m3,155,Unhealthy,Valid,3,Ma
25/03/2020 16:00,16,59.9,ug/m3,153,Unhealthy,Valid,3,Ma
25/03/2020 17:00,17,61.9,ug/m3,154,Unhealthy,Valid,3,Ma
25/03/2020 18:00,18,64.9,ug/m3,156,Unhealthy,Valid,3,Ma
25/03/2020 19:00,19,73.9,ug/m3,161,Unhealthy,Valid,3,Ma
25/03/2020 20:00,20,84.4,ug/m3,166,Unhealthy,Valid,3,Ma
25/03/2020 21:00,21,102.7,ug/m3,175,Unhealthy,Valid,3,Ma
25/03/2020 22:00,22,135.8,ug/m3,192,Unhealthy,Valid,3,Ma
25/03/2020 23:00,23,151.9,ug/m3,202,Very Unhealthy,Valid,3,Ma
26/03/2020 00:00,0,165.4,ug/m3,216,Very Unhealthy,Valid,3,Ma
26/03/2020 01:00,1,174.2,ug/m3,224,Very Unhealthy,Valid,3,Ma
26/03/2020 02:00,2,182.6,ug/m3,233,Very Unhealthy,Valid,3,Ma
26/03/2020 03:00,3,217.8,ug/m3,268,Very Unhealthy,Valid,3,Ma
26/03/2020 04:00,4,242.4,ug/m3,292,Very Unhealthy,Valid,3,Ma
26/03/2020 05:00,5,236.2,ug/m3,286,Very Unhealthy,Valid,3,Ma
26/03/2020 06:00,6,240.1,ug/m3,290,Very Unhealthy,Valid,3,Ma
26/03/2020 07:00,7,172,ug/m3,222,Very Unhealthy,Valid,3,Ma
26/03/2020 08:00,8,135.5,ug/m3,192,Unhealthy,Valid,3,Ma
26/03/2020 09:00,9,119.2,ug/m3,184,Unhealthy,Valid,3,Ma
26/03/2020 10:00,10,99.6,ug/m3,174,Unhealthy,Valid,3,Ma
26/03/2020 11:00,11,82.7,ug/m3,165,Unhealthy,Valid,3,Ma
26/03/2020 12:00,12,68.8,ug/m3,158,Unhealthy,Valid,3,Ma
26/03/2020 13:00,13,65.9,ug/m3,156,Unhealthy,Valid,3,Ma
26/03/2020 14:00,14,62.4,ug/m3,155,Unhealthy,Valid,3,Ma
26/03/2020 15:00,15,64.7,ug/m3,156,Unhealthy,Valid,3,Ma
26/03/2020 16:00,16,62.3,ug/m3,155,Unhealthy,Valid,3,Ma
26/03/2020 17:00,17,57.1,ug/m3,152,Unhealthy,Valid,3,Ma
26/03/2020 18:00,18,81.5,ug/m3,164,Unhealthy,Valid,3,Ma
26/03/2020 19:00,19,108.2,ug/m3,178,Unhealthy,Valid,3,Ma
26/03/2020 20:00,20,143.6,ug/m3,196,Unhealthy,Valid,3,Ma
26/03/2020 21:00,21,153.8,ug/m3,204,Very Unhealthy,Valid,3,Ma
26/03/2020 22:00,22,150.9,ug/m3,201,Very Unhealthy,Valid,3,Ma
26/03/2020 23:00,23,140.4,ug/m3,195,Unhealthy,Valid,3,Ma
27/03/2020 00:00,0,188.2,ug/m3,238,Very Unhealthy,Valid,3,Ma
27/03/2020 01:00,1,231.1,ug/m3,281,Very Unhealthy,Valid,3,Ma
27/03/2020 02:00,2,253.6,ug/m3,304,Hazardous,Valid,3,Ma
27/03/2020 03:00,3,201.8,ug/m3,252,Very Unhealthy,Valid,3,Ma
27/03/2020 04:00,4,155.9,ug/m3,206,Very Unhealthy,Valid,3,Ma
27/03/2020 05:00,5,122.4,ug/m3,186,Unhealthy,Valid,3,Ma
27/03/2020 06:00,6,92.7,ug/m3,170,Unhealthy,Valid,3,Ma
27/03/2020 07:00,7,84.3,ug/m3,166,Unhealthy,Valid,3,Ma
27/03/2020 08:00,8,101.6,ug/m3,175,Unhealthy,Valid,3,Ma
27/03/2020 09:00,9,152.8,ug/m3,203,Very Unhealthy,Valid,3,Ma
27/03/2020 10:00,10,105.9,ug/m3,177,Unhealthy,Valid,3,Ma
27/03/2020 11:00,11,73.9,ug/m3,161,Unhealthy,Valid,3,Ma
27/03/2020 12:00,12,52.9,ug/m3,144,Unhealthy for Sensitive Groups,Valid,3,Ma
27/03/2020 13:00,13,44.4,ug/m3,123,Unhealthy for Sensitive Groups,Valid,3,Ma
27/03/2020 14:00,14,36.6,ug/m3,104,Unhealthy for Sensitive Groups,Valid,3,Ma
27/03/2020 15:00,15,34.3,ug/m3,98,Moderate,Valid,3,Ma
27/03/2020 16:00,16,32.6,ug/m3,94,Moderate,Valid,3,Ma
27/03/2020 17:00,17,34.8,ug/m3,99,Moderate,Valid,3,Ma
27/03/2020 18:00,18,41.9,ug/m3,117,Unhealthy for Sensitive Groups,Valid,3,Ma
27/03/2020 19:00,19,50.9,ug/m3,139,Unhealthy for Sensitive Groups,Valid,3,Ma
27/03/2020 20:00,20,61.4,ug/m3,154,Unhealthy,Valid,3,Ma
27/03/2020 21:00,21,74.7,ug/m3,161,Unhealthy,Valid,3,Ma
27/03/2020 22:00,22,98.3,ug/m3,173,Unhealthy,Valid,3,Ma
27/03/2020 23:00,23,100.6,ug/m3,174,Unhealthy,Valid,3,Ma
28/03/2020 00:00,0,108.3,ug/m3,178,Unhealthy,Valid,3,Ma
28/03/2020 01:00,1,125.1,ug/m3,187,Unhealthy,Valid,3,Ma
28/03/2020 02:00,2,137.6,ug/m3,193,Unhealthy,Valid,3,Ma
28/03/2020 03:00,3,143.8,ug/m3,197,Unhealthy,Valid,3,Ma
28/03/2020 04:00,4,139.4,ug/m3,194,Unhealthy,Valid,3,Ma
28/03/2020 05:00,5,134.2,ug/m3,192,Unhealthy,Valid,3,Ma
28/03/2020 06:00,6,144.1,ug/m3,197,Unhealthy,Valid,3,Ma
28/03/2020 07:00,7,119.5,ug/m3,184,Unhealthy,Valid,3,Ma
28/03/2020 08:00,8,94.2,ug/m3,171,Unhealthy,Valid,3,Ma
28/03/2020 09:00,9,73.6,ug/m3,160,Unhealthy,Valid,3,Ma
28/03/2020 10:00,10,67.3,ug/m3,157,Unhealthy,Valid,3,Ma
28/03/2020 11:00,11,57.6,ug/m3,152,Unhealthy,Valid,3,Ma
28/03/2020 12:00,12,45.3,ug/m3,125,Unhealthy for Sensitive Groups,Valid,3,Ma
28/03/2020 13:00,13,38.6,ug/m3,109,Unhealthy for Sensitive Groups,Valid,3,Ma
28/03/2020 14:00,14,39.3,ug/m3,110,Unhealthy for Sensitive Groups,Valid,3,Ma
28/03/2020 15:00,15,39.1,ug/m3,110,Unhealthy for Sensitive Groups,Valid,3,Ma
28/03/2020 16:00,16,38,ug/m3,107,Unhealthy for Sensitive Groups,Valid,3,Ma
28/03/2020 17:00,17,41,ug/m3,115,Unhealthy for Sensitive Groups,Valid,3,Ma
28/03/2020 18:00,18,46.4,ug/m3,128,Unhealthy for Sensitive Groups,Valid,3,Ma
28/03/2020 19:00,19,52.2,ug/m3,142,Unhealthy for Sensitive Groups,Valid,3,Ma
28/03/2020 20:00,20,61.1,ug/m3,154,Unhealthy,Valid,3,Ma
28/03/2020 21:00,21,58,ug/m3,152,Unhealthy,Valid,3,Ma
28/03/2020 22:00,22,57.5,ug/m3,152,Unhealthy,Valid,3,Ma
28/03/2020 23:00,23,57.7,ug/m3,152,Unhealthy,Valid,3,Ma
29/03/2020 00:00,0,56.8,ug/m3,152,Unhealthy,Valid,3,Ma
29/03/2020 01:00,1,71.4,ug/m3,159,Unhealthy,Valid,3,Ma
29/03/2020 02:00,2,75.7,ug/m3,161,Unhealthy,Valid,3,Ma
29/03/2020 03:00,3,79.8,ug/m3,164,Unhealthy,Valid,3,Ma
29/03/2020 04:00,4,81.7,ug/m3,165,Unhealthy,Valid,3,Ma
29/03/2020 05:00,5,76.1,ug/m3,162,Unhealthy,Valid,3,Ma
29/03/2020 06:00,6,70.5,ug/m3,159,Unhealthy,Valid,3,Ma
29/03/2020 07:00,7,63.6,ug/m3,155,Unhealthy,Valid,3,Ma
29/03/2020 08:00,8,49.3,ug/m3,135,Unhealthy for Sensitive Groups,Valid,3,Ma
29/03/2020 09:00,9,35.1,ug/m3,99,Moderate,Valid,3,Ma
29/03/2020 10:00,10,30,ug/m3,89,Moderate,Valid,3,Ma
29/03/2020 11:00,11,26.5,ug/m3,81,Moderate,Valid,3,Ma
29/03/2020 12:00,12,26.2,ug/m3,81,Moderate,Valid,3,Ma
29/03/2020 13:00,13,28.1,ug/m3,85,Moderate,Valid,3,Ma
29/03/2020 14:00,14,28,ug/m3,84,Moderate,Valid,3,Ma
29/03/2020 15:00,15,25.5,ug/m3,79,Moderate,Valid,3,Ma
29/03/2020 16:00,16,24.7,ug/m3,77,Moderate,Valid,3,Ma
29/03/2020 17:00,17,23.8,ug/m3,76,Moderate,Valid,3,Ma
29/03/2020 18:00,18,27.4,ug/m3,83,Moderate,Valid,3,Ma
29/03/2020 19:00,19,42.7,ug/m3,119,Unhealthy for Sensitive Groups,Valid,3,Ma
29/03/2020 20:00,20,54.8,ug/m3,149,Unhealthy for Sensitive Groups,Valid,3,Ma
29/03/2020 21:00,21,57.9,ug/m3,152,Unhealthy,Valid,3,Ma
29/03/2020 22:00,22,57.4,ug/m3,152,Unhealthy,Valid,3,Ma
29/03/2020 23:00,23,57.7,ug/m3,152,Unhealthy,Valid,3,Ma
30/03/2020 00:00,0,58.3,ug/m3,152,Unhealthy,Valid,3,Ma
30/03/2020 01:00,1,60.1,ug/m3,153,Unhealthy,Valid,3,Ma
30/03/2020 02:00,2,55.5,ug/m3,151,Unhealthy,Valid,3,Ma
30/03/2020 03:00,3,53.3,ug/m3,145,Unhealthy for Sensitive Groups,Valid,3,Ma
30/03/2020 04:00,4,60.6,ug/m3,154,Unhealthy,Valid,3,Ma
30/03/2020 05:00,5,64.8,ug/m3,156,Unhealthy,Valid,3,Ma
30/03/2020 06:00,6,62.8,ug/m3,155,Unhealthy,Valid,3,Ma
30/03/2020 07:00,7,61.8,ug/m3,154,Unhealthy,Valid,3,Ma
30/03/2020 08:00,8,54.9,ug/m3,149,Unhealthy for Sensitive Groups,Valid,3,Ma
30/03/2020 09:00,9,53,ug/m3,144,Unhealthy for Sensitive Groups,Valid,3,Ma
30/03/2020 10:00,10,34.6,ug/m3,98,Moderate,Valid,3,Ma
30/03/2020 11:00,11,24.8,ug/m3,78,Moderate,Valid,3,Ma
30/03/2020 12:00,12,19.4,ug/m3,66,Moderate,Valid,3,Ma
30/03/2020 13:00,13,20.1,ug/m3,68,Moderate,Valid,3,Ma
30/03/2020 14:00,14,20,ug/m3,68,Moderate,Valid,3,Ma
30/03/2020 15:00,15,20,ug/m3,68,Moderate,Valid,3,Ma
30/03/2020 16:00,16,22.5,ug/m3,73,Moderate,Valid,3,Ma
30/03/2020 17:00,17,27.2,ug/m3,83,Moderate,Valid,3,Ma
30/03/2020 18:00,18,31.1,ug/m3,91,Moderate,Valid,3,Ma
30/03/2020 19:00,19,45.5,ug/m3,126,Unhealthy for Sensitive Groups,Valid,3,Ma
30/03/2020 20:00,20,57.7,ug/m3,152,Unhealthy,Valid,3,Ma
30/03/2020 21:00,21,69.3,ug/m3,158,Unhealthy,Valid,3,Ma
30/03/2020 22:00,22,68.2,ug/m3,158,Unhealthy,Valid,3,Ma
30/03/2020 23:00,23,73.1,ug/m3,160,Unhealthy,Valid,3,Ma
31/03/2020 00:00,0,83.5,ug/m3,165,Unhealthy,Valid,3,Ma
31/03/2020 01:00,1,76.2,ug/m3,162,Unhealthy,Valid,3,Ma
31/03/2020 02:00,2,84.1,ug/m3,166,Unhealthy,Valid,3,Ma
31/03/2020 03:00,3,122.5,ug/m3,186,Unhealthy,Valid,3,Ma
31/03/2020 04:00,4,124.8,ug/m3,187,Unhealthy,Valid,3,Ma
31/03/2020 05:00,5,123.4,ug/m3,186,Unhealthy,Valid,3,Ma
31/03/2020 06:00,6,136.2,ug/m3,193,Unhealthy,Valid,3,Ma
31/03/2020 07:00,7,148.1,ug/m3,199,Unhealthy,Valid,3,Ma
31/03/2020 08:00,8,136,ug/m3,193,Unhealthy,Valid,3,Ma
31/03/2020 09:00,9,124.5,ug/m3,187,Unhealthy,Valid,3,Ma
31/03/2020 10:00,10,83.7,ug/m3,166,Unhealthy,Valid,3,Ma
31/03/2020 11:00,11,76.8,ug/m3,162,Unhealthy,Valid,3,Ma
31/03/2020 12:00,12,73.4,ug/m3,160,Unhealthy,Valid,3,Ma
31/03/2020 13:00,13,64.7,ug/m3,156,Unhealthy,Valid,3,Ma
31/03/2020 14:00,14,48.3,ug/m3,133,Unhealthy for Sensitive Groups,Valid,3,Ma
31/03/2020 15:00,15,41.1,ug/m3,115,Unhealthy for Sensitive Groups,Valid,3,Ma
31/03/2020 16:00,16,38,ug/m3,107,Unhealthy for Sensitive Groups,Valid,3,Ma
31/03/2020 17:00,17,37.5,ug/m3,106,Unhealthy for Sensitive Groups,Valid,3,Ma
31/03/2020 18:00,18,44.2,ug/m3,122,Unhealthy for Sensitive Groups,Valid,3,Ma
31/03/2020 19:00,19,52.1,ug/m3,142,Unhealthy for Sensitive Groups,Valid,3,Ma
31/03/2020 20:00,20,69.5,ug/m3,158,Unhealthy,Valid,3,Ma
31/03/2020 21:00,21,76.2,ug/m3,162,Unhealthy,Valid,3,Ma
31/03/2020 22:00,22,82.6,ug/m3,165,Unhealthy,Valid,3,Ma
31/03/2020 23:00,23,90.8,ug/m3,169,Unhealthy,Valid,3,Ma
1/4/2020 0:00,0,88.4,ug/m3,168,Unhealthy,Valid,4,ap
1/4/2020 1:00,1,89.2,ug/m3,168,Unhealthy,Valid,4,ap
1/4/2020 2:00,2,87.6,ug/m3,168,Unhealthy,Valid,4,ap
1/4/2020 3:00,3,92.8,ug/m3,170,Unhealthy,Valid,4,ap
1/4/2020 4:00,4,92.4,ug/m3,170,Unhealthy,Valid,4,ap
1/4/2020 5:00,5,88.3,ug/m3,168,Unhealthy,Valid,4,ap
1/4/2020 6:00,6,96.6,ug/m3,172,Unhealthy,Valid,4,ap
1/4/2020 7:00,7,128.2,ug/m3,189,Unhealthy,Valid,4,ap
1/4/2020 8:00,8,154.6,ug/m3,205,Very Unhealthy,Valid,4,ap
1/4/2020 9:00,9,182.3,ug/m3,233,Very Unhealthy,Valid,4,ap
1/4/2020 10:00,10,180.1,ug/m3,230,Very Unhealthy,Valid,4,ap
1/4/2020 11:00,11,145,ug/m3,197,Unhealthy,Valid,4,ap
1/4/2020 12:00,12,94.5,ug/m3,171,Unhealthy,Valid,4,ap
1/4/2020 13:00,13,68.7,ug/m3,158,Unhealthy,Valid,4,ap
1/4/2020 14:00,14,53.8,ug/m3,146,Unhealthy for Sensitive Groups,Valid,4,ap
1/4/2020 15:00,15,50.9,ug/m3,139,Unhealthy for Sensitive Groups,Valid,4,ap
1/4/2020 16:00,16,50.9,ug/m3,139,Unhealthy for Sensitive Groups,Invalid,4,ap
1/4/2020 17:00,17,53.6,ug/m3,146,Unhealthy for Sensitive Groups,Valid,4,ap
1/4/2020 18:00,18,60.1,ug/m3,153,Unhealthy,Valid,4,ap
1/4/2020 19:00,19,136.3,ug/m3,193,Unhealthy,Valid,4,ap
1/4/2020 20:00,20,154.2,ug/m3,205,Very Unhealthy,Valid,4,ap
1/4/2020 21:00,21,150.5,ug/m3,201,Very Unhealthy,Valid,4,ap
1/4/2020 22:00,22,159.8,ug/m3,210,Very Unhealthy,Valid,4,ap
1/4/2020 23:00,23,169.9,ug/m3,220,Very Unhealthy,Valid,4,ap
2/4/2020 0:00,0,161.9,ug/m3,212,Very Unhealthy,Valid,4,ap
2/4/2020 1:00,1,124.4,ug/m3,187,Unhealthy,Valid,4,ap
2/4/2020 2:00,2,99.2,ug/m3,174,Unhealthy,Valid,4,ap
2/4/2020 3:00,3,81.1,ug/m3,164,Unhealthy,Valid,4,ap
2/4/2020 4:00,4,74.5,ug/m3,161,Unhealthy,Valid,4,ap
2/4/2020 5:00,5,66.7,ug/m3,157,Unhealthy,Valid,4,ap
2/4/2020 6:00,6,62.8,ug/m3,155,Unhealthy,Valid,4,ap
2/4/2020 7:00,7,63.4,ug/m3,155,Unhealthy,Valid,4,ap
2/4/2020 8:00,8,60.6,ug/m3,154,Unhealthy,Valid,4,ap
2/4/2020 9:00,9,61.3,ug/m3,154,Unhealthy,Valid,4,ap
2/4/2020 10:00,10,63.6,ug/m3,155,Unhealthy,Valid,4,ap
2/4/2020 11:00,11,59.8,ug/m3,153,Unhealthy,Valid,4,ap
2/4/2020 12:00,12,62.1,ug/m3,154,Unhealthy,Valid,4,ap
2/4/2020 13:00,13,60.8,ug/m3,154,Unhealthy,Valid,4,ap
2/4/2020 14:00,14,60.3,ug/m3,153,Unhealthy,Valid,4,ap
2/4/2020 15:00,15,58,ug/m3,152,Unhealthy,Valid,4,ap
2/4/2020 16:00,16,57.4,ug/m3,152,Unhealthy,Valid,4,ap
2/4/2020 17:00,17,56.4,ug/m3,151,Unhealthy,Valid,4,ap
2/4/2020 18:00,18,98.5,ug/m3,173,Unhealthy,Valid,4,ap
2/4/2020 19:00,19,71.7,ug/m3,159,Unhealthy,Valid,4,ap
2/4/2020 20:00,20,61.8,ug/m3,154,Unhealthy,Valid,4,ap
2/4/2020 21:00,21,58.9,ug/m3,153,Unhealthy,Valid,4,ap
2/4/2020 22:00,22,52.9,ug/m3,144,Unhealthy for Sensitive Groups,Valid,4,ap
2/4/2020 23:00,23,42.9,ug/m3,119,Unhealthy for Sensitive Groups,Valid,4,ap
3/4/2020 0:00,0,43.9,ug/m3,122,Unhealthy for Sensitive Groups,Valid,4,ap
3/4/2020 1:00,1,41.9,ug/m3,117,Unhealthy for Sensitive Groups,Valid,4,ap
3/4/2020 2:00,2,52.9,ug/m3,144,Unhealthy for Sensitive Groups,Valid,4,ap
3/4/2020 3:00,3,77,ug/m3,162,Unhealthy,Valid,4,ap
3/4/2020 4:00,4,73,ug/m3,160,Unhealthy,Valid,4,ap
3/4/2020 5:00,5,76.5,ug/m3,162,Unhealthy,Valid,4,ap
3/4/2020 6:00,6,115.2,ug/m3,182,Unhealthy,Valid,4,ap
3/4/2020 7:00,7,150.6,ug/m3,201,Very Unhealthy,Valid,4,ap
3/4/2020 8:00,8,130.3,ug/m3,190,Unhealthy,Valid,4,ap
3/4/2020 9:00,9,112.6,ug/m3,180,Unhealthy,Valid,4,ap
3/4/2020 10:00,10,100.8,ug/m3,174,Unhealthy,Valid,4,ap
3/4/2020 11:00,11,83.4,ug/m3,165,Unhealthy,Valid,4,ap
3/4/2020 12:00,12,74.7,ug/m3,161,Unhealthy,Valid,4,ap
3/4/2020 13:00,13,77.3,ug/m3,162,Unhealthy,Valid,4,ap
3/4/2020 14:00,14,81.1,ug/m3,164,Unhealthy,Valid,4,ap
3/4/2020 15:00,15,84.5,ug/m3,166,Unhealthy,Valid,4,ap
3/4/2020 16:00,16,92.2,ug/m3,170,Unhealthy,Valid,4,ap
3/4/2020 17:00,17,67.6,ug/m3,157,Unhealthy,Valid,4,ap
3/4/2020 18:00,18,52.3,ug/m3,142,Unhealthy for Sensitive Groups,Valid,4,ap
3/4/2020 19:00,19,54.6,ug/m3,148,Unhealthy for Sensitive Groups,Valid,4,ap
3/4/2020 20:00,20,53.3,ug/m3,145,Unhealthy for Sensitive Groups,Valid,4,ap
3/4/2020 21:00,21,50.6,ug/m3,138,Unhealthy for Sensitive Groups,Valid,4,ap
3/4/2020 22:00,22,74.3,ug/m3,161,Unhealthy,Valid,4,ap
3/4/2020 23:00,23,56.6,ug/m3,152,Unhealthy,Valid,4,ap
4/4/2020 0:00,0,44.3,ug/m3,123,Unhealthy for Sensitive Groups,Valid,4,ap
4/4/2020 1:00,1,62.1,ug/m3,154,Unhealthy,Valid,4,ap
4/4/2020 2:00,2,59,ug/m3,153,Unhealthy,Valid,4,ap
4/4/2020 3:00,3,74.5,ug/m3,161,Unhealthy,Valid,4,ap
4/4/2020 4:00,4,78.7,ug/m3,163,Unhealthy,Valid,4,ap
4/4/2020 5:00,5,90.8,ug/m3,169,Unhealthy,Valid,4,ap
4/4/2020 6:00,6,67.4,ug/m3,157,Unhealthy,Valid,4,ap
4/4/2020 7:00,7,58.7,ug/m3,153,Unhealthy,Valid,4,ap
4/4/2020 8:00,8,52.3,ug/m3,142,Unhealthy for Sensitive Groups,Valid,4,ap
4/4/2020 9:00,9,55.6,ug/m3,151,Unhealthy,Valid,4,ap
4/4/2020 10:00,10,63.8,ug/m3,155,Unhealthy,Valid,4,ap
4/4/2020 11:00,11,65.4,ug/m3,156,Unhealthy,Valid,4,ap
4/4/2020 12:00,12,71.7,ug/m3,159,Unhealthy,Valid,4,ap
4/4/2020 13:00,13,60.3,ug/m3,153,Unhealthy,Valid,4,ap
4/4/2020 14:00,14,49.6,ug/m3,136,Unhealthy for Sensitive Groups,Valid,4,ap
4/4/2020 15:00,15,47.8,ug/m3,131,Unhealthy for Sensitive Groups,Valid,4,ap
4/4/2020 16:00,16,48.9,ug/m3,134,Unhealthy for Sensitive Groups,Valid,4,ap
4/4/2020 17:00,17,53.9,ug/m3,146,Unhealthy for Sensitive Groups,Valid,4,ap
4/4/2020 18:00,18,61.9,ug/m3,154,Unhealthy,Valid,4,ap
4/4/2020 19:00,19,78.9,ug/m3,163,Unhealthy,Valid,4,ap
4/4/2020 20:00,20,83,ug/m3,165,Unhealthy,Valid,4,ap
4/4/2020 21:00,21,66.5,ug/m3,157,Unhealthy,Valid,4,ap
4/4/2020 22:00,22,55.2,ug/m3,150,Unhealthy for Sensitive Groups,Valid,4,ap
4/4/2020 23:00,23,46.6,ug/m3,128,Unhealthy for Sensitive Groups,Valid,4,ap
5/4/2020 0:00,0,44.3,ug/m3,123,Unhealthy for Sensitive Groups,Valid,4,ap
5/4/2020 1:00,1,58.6,ug/m3,153,Unhealthy,Valid,4,ap
5/4/2020 2:00,2,86.8,ug/m3,167,Unhealthy,Valid,4,ap
5/4/2020 3:00,3,102.4,ug/m3,175,Unhealthy,Valid,4,ap
5/4/2020 4:00,4,127.7,ug/m3,188,Unhealthy,Valid,4,ap
5/4/2020 5:00,5,131.3,ug/m3,190,Unhealthy,Valid,4,ap
5/4/2020 6:00,6,107.1,ug/m3,178,Unhealthy,Valid,4,ap
5/4/2020 7:00,7,101.5,ug/m3,175,Unhealthy,Valid,4,ap
5/4/2020 8:00,8,108.3,ug/m3,178,Unhealthy,Valid,4,ap
5/4/2020 9:00,9,120.1,ug/m3,184,Unhealthy,Valid,4,ap
5/4/2020 10:00,10,118,ug/m3,183,Unhealthy,Valid,4,ap
5/4/2020 11:00,11,131.5,ug/m3,190,Unhealthy,Valid,4,ap
5/4/2020 12:00,12,138.7,ug/m3,194,Unhealthy,Valid,4,ap
5/4/2020 13:00,13,128.5,ug/m3,189,Unhealthy,Valid,4,ap
5/4/2020 14:00,14,114.1,ug/m3,181,Unhealthy,Valid,4,ap
5/4/2020 15:00,15,104.9,ug/m3,177,Unhealthy,Valid,4,ap
5/4/2020 16:00,16,97.2,ug/m3,173,Unhealthy,Valid,4,ap
5/4/2020 17:00,17,97.5,ug/m3,173,Unhealthy,Valid,4,ap
5/4/2020 18:00,18,91.8,ug/m3,170,Unhealthy,Valid,4,ap
5/4/2020 19:00,19,73.5,ug/m3,160,Unhealthy,Valid,4,ap
5/4/2020 20:00,20,59.2,ug/m3,153,Unhealthy,Valid,4,ap
5/4/2020 21:00,21,52.6,ug/m3,143,Unhealthy for Sensitive Groups,Valid,4,ap
5/4/2020 22:00,22,47.8,ug/m3,131,Unhealthy for Sensitive Groups,Valid,4,ap
5/4/2020 23:00,23,55.3,ug/m3,150,Unhealthy for Sensitive Groups,Valid,4,ap
6/4/2020 0:00,0,71.6,ug/m3,159,Unhealthy,Valid,4,ap
6/4/2020 1:00,1,87.8,ug/m3,168,Unhealthy,Valid,4,ap
6/4/2020 2:00,2,116.9,ug/m3,183,Unhealthy,Valid,4,ap
6/4/2020 3:00,3,136.4,ug/m3,193,Unhealthy,Valid,4,ap
6/4/2020 4:00,4,162.7,ug/m3,213,Very Unhealthy,Valid,4,ap
6/4/2020 5:00,5,143.8,ug/m3,197,Unhealthy,Valid,4,ap
6/4/2020 6:00,6,161.4,ug/m3,212,Very Unhealthy,Valid,4,ap
6/4/2020 7:00,7,141.7,ug/m3,196,Unhealthy,Valid,4,ap
6/4/2020 8:00,8,148.3,ug/m3,199,Unhealthy,Valid,4,ap
6/4/2020 9:00,9,158.2,ug/m3,209,Very Unhealthy,Valid,4,ap
6/4/2020 10:00,10,178.1,ug/m3,228,Very Unhealthy,Valid,4,ap
6/4/2020 11:00,11,172.5,ug/m3,223,Very Unhealthy,Valid,4,ap
6/4/2020 12:00,12,120.2,ug/m3,184,Unhealthy,Valid,4,ap
6/4/2020 13:00,13,74.6,ug/m3,161,Unhealthy,Valid,4,ap
6/4/2020 14:00,14,53.8,ug/m3,146,Unhealthy for Sensitive Groups,Valid,4,ap
6/4/2020 15:00,15,47.3,ug/m3,130,Unhealthy for Sensitive Groups,Valid,4,ap
6/4/2020 16:00,16,42.1,ug/m3,117,Unhealthy for Sensitive Groups,Valid,4,ap
6/4/2020 17:00,17,37.5,ug/m3,106,Unhealthy for Sensitive Groups,Valid,4,ap
6/4/2020 18:00,18,41.2,ug/m3,115,Unhealthy for Sensitive Groups,Valid,4,ap
6/4/2020 19:00,19,56.1,ug/m3,151,Unhealthy,Valid,4,ap
6/4/2020 20:00,20,90,ug/m3,169,Unhealthy,Valid,4,ap
6/4/2020 21:00,21,115.5,ug/m3,182,Unhealthy,Valid,4,ap
6/4/2020 22:00,22,106.2,ug/m3,177,Unhealthy,Valid,4,ap
6/4/2020 23:00,23,79.6,ug/m3,163,Unhealthy,Valid,4,ap
7/4/2020 0:00,0,61.8,ug/m3,154,Unhealthy,Valid,4,ap
7/4/2020 1:00,1,49.4,ug/m3,135,Unhealthy for Sensitive Groups,Valid,4,ap
7/4/2020 2:00,2,45.2,ug/m3,125,Unhealthy for Sensitive Groups,Valid,4,ap
7/4/2020 3:00,3,42.6,ug/m3,118,Unhealthy for Sensitive Groups,Valid,4,ap
7/4/2020 4:00,4,42.8,ug/m3,119,Unhealthy for Sensitive Groups,Valid,4,ap
7/4/2020 5:00,5,43.4,ug/m3,120,Unhealthy for Sensitive Groups,Valid,4,ap
7/4/2020 6:00,6,42.7,ug/m3,119,Unhealthy for Sensitive Groups,Valid,4,ap
7/4/2020 7:00,7,45.8,ug/m3,126,Unhealthy for Sensitive Groups,Valid,4,ap
7/4/2020 8:00,8,47.9,ug/m3,132,Unhealthy for Sensitive Groups,Valid,4,ap
7/4/2020 9:00,9,47.9,ug/m3,132,Unhealthy for Sensitive Groups,Valid,4,ap
7/4/2020 10:00,10,46.5,ug/m3,128,Unhealthy for Sensitive Groups,Valid,4,ap
7/4/2020 11:00,11,49.3,ug/m3,135,Unhealthy for Sensitive Groups,Valid,4,ap
7/4/2020 12:00,12,50.2,ug/m3,137,Unhealthy for Sensitive Groups,Valid,4,ap
7/4/2020 13:00,13,49.2,ug/m3,135,Unhealthy for Sensitive Groups,Valid,4,ap
7/4/2020 14:00,14,48.6,ug/m3,133,Unhealthy for Sensitive Groups,Valid,4,ap
7/4/2020 15:00,15,44.8,ug/m3,124,Unhealthy for Sensitive Groups,Valid,4,ap
7/4/2020 16:00,16,43.6,ug/m3,121,Unhealthy for Sensitive Groups,Valid,4,ap
7/4/2020 17:00,17,42.7,ug/m3,119,Unhealthy for Sensitive Groups,Valid,4,ap
7/4/2020 18:00,18,49,ug/m3,134,Unhealthy for Sensitive Groups,Valid,4,ap
7/4/2020 19:00,19,53.2,ug/m3,145,Unhealthy for Sensitive Groups,Valid,4,ap
7/4/2020 20:00,20,66.6,ug/m3,157,Unhealthy,Valid,4,ap
7/4/2020 21:00,21,84.8,ug/m3,166,Unhealthy,Valid,4,ap
7/4/2020 22:00,22,88.4,ug/m3,168,Unhealthy,Valid,4,ap
7/4/2020 23:00,23,74.7,ug/m3,161,Unhealthy,Valid,4,ap
8/4/2020 0:00,0,65.3,ug/m3,156,Unhealthy,Valid,4,ap
8/4/2020 1:00,1,59.6,ug/m3,153,Unhealthy,Valid,4,ap
8/4/2020 2:00,2,49.3,ug/m3,135,Unhealthy for Sensitive Groups,Valid,4,ap
8/4/2020 3:00,3,39.1,ug/m3,110,Unhealthy for Sensitive Groups,Valid,4,ap
8/4/2020 4:00,4,34,ug/m3,97,Moderate,Valid,4,ap
8/4/2020 5:00,5,29,ug/m3,87,Moderate,Valid,4,ap
8/4/2020 6:00,6,25.5,ug/m3,79,Moderate,Valid,4,ap
8/4/2020 7:00,7,24.7,ug/m3,77,Moderate,Valid,4,ap
8/4/2020 8:00,8,23.3,ug/m3,75,Moderate,Valid,4,ap
8/4/2020 9:00,9,27.1,ug/m3,83,Moderate,Valid,4,ap
8/4/2020 10:00,10,45.5,ug/m3,126,Unhealthy for Sensitive Groups,Valid,4,ap
8/4/2020 11:00,11,55.7,ug/m3,151,Unhealthy,Valid,4,ap
8/4/2020 12:00,12,60.3,ug/m3,153,Unhealthy,Valid,4,ap
8/4/2020 13:00,13,61.6,ug/m3,154,Unhealthy,Valid,4,ap
8/4/2020 14:00,14,59.3,ug/m3,153,Unhealthy,Valid,4,ap
8/4/2020 15:00,15,60.6,ug/m3,154,Unhealthy,Valid,4,ap
8/4/2020 16:00,16,58.3,ug/m3,152,Unhealthy,Valid,4,ap
8/4/2020 17:00,17,53.6,ug/m3,146,Unhealthy for Sensitive Groups,Valid,4,ap
8/4/2020 18:00,18,50.3,ug/m3,137,Unhealthy for Sensitive Groups,Valid,4,ap
8/4/2020 19:00,19,54.1,ug/m3,147,Unhealthy for Sensitive Groups,Valid,4,ap
8/4/2020 20:00,20,51.5,ug/m3,140,Unhealthy for Sensitive Groups,Valid,4,ap
8/4/2020 21:00,21,53.1,ug/m3,144,Unhealthy for Sensitive Groups,Valid,4,ap
8/4/2020 22:00,22,49.2,ug/m3,135,Unhealthy for Sensitive Groups,Valid,4,ap
8/4/2020 23:00,23,66.1,ug/m3,156,Unhealthy,Valid,4,ap
9/4/2020 0:00,0,52.6,ug/m3,143,Unhealthy for Sensitive Groups,Valid,4,ap
9/4/2020 1:00,1,43.8,ug/m3,121,Unhealthy for Sensitive Groups,Valid,4,ap
9/4/2020 2:00,2,40.4,ug/m3,113,Unhealthy for Sensitive Groups,Valid,4,ap
9/4/2020 3:00,3,46.7,ug/m3,129,Unhealthy for Sensitive Groups,Valid,4,ap
9/4/2020 4:00,4,65.3,ug/m3,156,Unhealthy,Valid,4,ap
9/4/2020 5:00,5,63.6,ug/m3,155,Unhealthy,Valid,4,ap
9/4/2020 6:00,6,49.8,ug/m3,136,Unhealthy for Sensitive Groups,Valid,4,ap
9/4/2020 7:00,7,43.9,ug/m3,122,Unhealthy for Sensitive Groups,Valid,4,ap
9/4/2020 8:00,8,54.9,ug/m3,149,Unhealthy for Sensitive Groups,Valid,4,ap
9/4/2020 9:00,9,79.9,ug/m3,164,Unhealthy,Valid,4,ap
9/4/2020 10:00,10,77.9,ug/m3,163,Unhealthy,Valid,4,ap
9/4/2020 11:00,11,63.9,ug/m3,155,Unhealthy,Valid,4,ap
9/4/2020 12:00,12,62.4,ug/m3,155,Unhealthy,Valid,4,ap
9/4/2020 13:00,13,62.2,ug/m3,154,Unhealthy,Valid,4,ap
9/4/2020 14:00,14,59.1,ug/m3,153,Unhealthy,Valid,4,ap
9/4/2020 15:00,15,57.5,ug/m3,152,Unhealthy,Valid,4,ap
9/4/2020 16:00,16,55.7,ug/m3,151,Unhealthy,Valid,4,ap
9/4/2020 17:00,17,51.3,ug/m3,140,Unhealthy for Sensitive Groups,Valid,4,ap
9/4/2020 18:00,18,49.1,ug/m3,134,Unhealthy for Sensitive Groups,Valid,4,ap
9/4/2020 19:00,19,46,ug/m3,127,Unhealthy for Sensitive Groups,Valid,4,ap
9/4/2020 20:00,20,49,ug/m3,134,Unhealthy for Sensitive Groups,Valid,4,ap
9/4/2020 21:00,21,54.7,ug/m3,148,Unhealthy for Sensitive Groups,Valid,4,ap
9/4/2020 22:00,22,54.5,ug/m3,148,Unhealthy for Sensitive Groups,Valid,4,ap
9/4/2020 23:00,23,52.2,ug/m3,142,Unhealthy for Sensitive Groups,Valid,4,ap
10/4/2020 0:00,0,52.1,ug/m3,142,Unhealthy for Sensitive Groups,Valid,4,ap
10/4/2020 1:00,1,51.7,ug/m3,141,Unhealthy for Sensitive Groups,Valid,4,ap
10/4/2020 2:00,2,43.5,ug/m3,121,Unhealthy for Sensitive Groups,Valid,4,ap
10/4/2020 3:00,3,40.1,ug/m3,112,Unhealthy for Sensitive Groups,Valid,4,ap
10/4/2020 4:00,4,51.1,ug/m3,139,Unhealthy for Sensitive Groups,Valid,4,ap
10/4/2020 5:00,5,72.3,ug/m3,160,Unhealthy,Valid,4,ap
10/4/2020 6:00,6,87.1,ug/m3,167,Unhealthy,Valid,4,ap
10/4/2020 7:00,7,98,ug/m3,173,Unhealthy,Valid,4,ap
10/4/2020 8:00,8,99.5,ug/m3,174,Unhealthy,Valid,4,ap
10/4/2020 9:00,9,63.7,ug/m3,155,Unhealthy,Valid,4,ap
10/4/2020 10:00,10,47.8,ug/m3,131,Unhealthy for Sensitive Groups,Valid,4,ap
10/4/2020 11:00,11,42.4,ug/m3,118,Unhealthy for Sensitive Groups,Valid,4,ap
10/4/2020 12:00,12,36.2,ug/m3,103,Unhealthy for Sensitive Groups,Valid,4,ap
10/4/2020 13:00,13,29.1,ug/m3,87,Moderate,Valid,4,ap
10/4/2020 14:00,14,23.5,ug/m3,75,Moderate,Valid,4,ap
10/4/2020 15:00,15,22.2,ug/m3,72,Moderate,Valid,4,ap
10/4/2020 16:00,16,25.6,ug/m3,79,Moderate,Valid,4,ap
10/4/2020 17:00,17,29.3,ug/m3,87,Moderate,Valid,4,ap
10/4/2020 18:00,18,36.1,ug/m3,102,Unhealthy for Sensitive Groups,Valid,4,ap
10/4/2020 19:00,19,45.5,ug/m3,126,Unhealthy for Sensitive Groups,Valid,4,ap
10/4/2020 20:00,20,54.2,ug/m3,147,Unhealthy for Sensitive Groups,Valid,4,ap
10/4/2020 21:00,21,68.6,ug/m3,158,Unhealthy,Valid,4,ap
10/4/2020 22:00,22,76.8,ug/m3,162,Unhealthy,Valid,4,ap
10/4/2020 23:00,23,58.4,ug/m3,152,Unhealthy,Valid,4,ap
11/4/2020 0:00,0,43.2,ug/m3,120,Unhealthy for Sensitive Groups,Valid,4,ap
11/4/2020 1:00,1,33.6,ug/m3,96,Moderate,Valid,4,ap
11/4/2020 2:00,2,28.3,ug/m3,85,Moderate,Valid,4,ap
11/4/2020 3:00,3,25.1,ug/m3,78,Moderate,Valid,4,ap
11/4/2020 4:00,4,24,ug/m3,76,Moderate,Valid,4,ap
11/4/2020 5:00,5,26,ug/m3,80,Moderate,Valid,4,ap
11/4/2020 6:00,6,28.5,ug/m3,85,Moderate,Valid,4,ap
11/4/2020 7:00,7,26.7,ug/m3,82,Moderate,Valid,4,ap
11/4/2020 8:00,8,27.3,ug/m3,83,Moderate,Valid,4,ap
11/4/2020 9:00,9,31.1,ug/m3,91,Moderate,Valid,4,ap
11/4/2020 10:00,10,29,ug/m3,87,Moderate,Valid,4,ap
11/4/2020 11:00,11,23.6,ug/m3,75,Moderate,Valid,4,ap
11/4/2020 12:00,12,21.8,ug/m3,71,Moderate,Valid,4,ap
11/4/2020 13:00,13,24.8,ug/m3,78,Moderate,Valid,4,ap
11/4/2020 14:00,14,25.9,ug/m3,80,Moderate,Valid,4,ap
11/4/2020 15:00,15,24.4,ug/m3,77,Moderate,Valid,4,ap
11/4/2020 16:00,16,34.2,ug/m3,97,Moderate,Valid,4,ap
11/4/2020 17:00,17,32.1,ug/m3,93,Moderate,Valid,4,ap
11/4/2020 18:00,18,33.5,ug/m3,96,Moderate,Valid,4,ap
11/4/2020 19:00,19,41.2,ug/m3,115,Unhealthy for Sensitive Groups,Valid,4,ap
11/4/2020 20:00,20,60.6,ug/m3,154,Unhealthy,Valid,4,ap
11/4/2020 21:00,21,37.8,ug/m3,107,Unhealthy for Sensitive Groups,Valid,4,ap
11/4/2020 22:00,22,26.4,ug/m3,81,Moderate,Valid,4,ap
11/4/2020 23:00,23,21.2,ug/m3,70,Moderate,Valid,4,ap
12/4/2020 0:00,0,19.1,ug/m3,66,Moderate,Valid,4,ap
12/4/2020 1:00,1,18,ug/m3,63,Moderate,Valid,4,ap
12/4/2020 2:00,2,21,ug/m3,70,Moderate,Valid,4,ap
12/4/2020 3:00,3,23.5,ug/m3,75,Moderate,Valid,4,ap
12/4/2020 4:00,4,22.7,ug/m3,73,Moderate,Valid,4,ap
12/4/2020 5:00,5,20.3,ug/m3,68,Moderate,Valid,4,ap
12/4/2020 6:00,6,18.6,ug/m3,65,Moderate,Valid,4,ap
12/4/2020 7:00,7,20.3,ug/m3,68,Moderate,Valid,4,ap
12/4/2020 8:00,8,24.5,ug/m3,77,Moderate,Valid,4,ap
12/4/2020 9:00,9,25.7,ug/m3,80,Moderate,Valid,4,ap
12/4/2020 10:00,10,31.9,ug/m3,93,Moderate,Valid,4,ap
12/4/2020 11:00,11,28.4,ug/m3,85,Moderate,Valid,4,ap
12/4/2020 12:00,12,26.2,ug/m3,81,Moderate,Valid,4,ap
12/4/2020 13:00,13,27.6,ug/m3,84,Moderate,Valid,4,ap
12/4/2020 14:00,14,27.8,ug/m3,84,Moderate,Valid,4,ap
12/4/2020 15:00,15,27.9,ug/m3,84,Moderate,Valid,4,ap
12/4/2020 16:00,16,28.4,ug/m3,85,Moderate,Valid,4,ap
12/4/2020 17:00,17,30.7,ug/m3,90,Moderate,Valid,4,ap
12/4/2020 18:00,18,33.5,ug/m3,96,Moderate,Valid,4,ap
12/4/2020 19:00,19,43.1,ug/m3,120,Unhealthy for Sensitive Groups,Valid,4,ap
12/4/2020 20:00,20,54,ug/m3,147,Unhealthy for Sensitive Groups,Valid,4,ap
12/4/2020 21:00,21,61.5,ug/m3,154,Unhealthy,Valid,4,ap
12/4/2020 22:00,22,62.2,ug/m3,154,Unhealthy,Valid,4,ap
12/4/2020 23:00,23,65.1,ug/m3,156,Unhealthy,Valid,4,ap
13/04/2020 00:00,0,64.5,ug/m3,156,Unhealthy,Valid,4,ap
13/04/2020 01:00,1,67.7,ug/m3,157,Unhealthy,Valid,4,ap
13/04/2020 02:00,2,79.9,ug/m3,164,Unhealthy,Valid,4,ap
13/04/2020 03:00,3,74.4,ug/m3,161,Unhealthy,Valid,4,ap
13/04/2020 04:00,4,80.2,ug/m3,164,Unhealthy,Valid,4,ap
13/04/2020 05:00,5,95.6,ug/m3,172,Unhealthy,Valid,4,ap
13/04/2020 06:00,6,120.8,ug/m3,185,Unhealthy,Valid,4,ap
13/04/2020 07:00,7,114.4,ug/m3,181,Unhealthy,Valid,4,ap
13/04/2020 08:00,8,92.7,ug/m3,170,Unhealthy,Valid,4,ap
13/04/2020 09:00,9,70.8,ug/m3,159,Unhealthy,Valid,4,ap
13/04/2020 10:00,10,58.4,ug/m3,152,Unhealthy,Valid,4,ap
13/04/2020 11:00,11,53.7,ug/m3,146,Unhealthy for Sensitive Groups,Valid,4,ap
13/04/2020 12:00,12,59.3,ug/m3,153,Unhealthy,Valid,4,ap
13/04/2020 13:00,13,61.6,ug/m3,154,Unhealthy,Valid,4,ap
13/04/2020 14:00,14,56.8,ug/m3,152,Unhealthy,Valid,4,ap
13/04/2020 15:00,15,58.4,ug/m3,152,Unhealthy,Valid,4,ap
13/04/2020 16:00,16,63.7,ug/m3,155,Unhealthy,Valid,4,ap
13/04/2020 17:00,17,59.3,ug/m3,153,Unhealthy,Valid,4,ap
13/04/2020 18:00,18,57.6,ug/m3,152,Unhealthy,Valid,4,ap
13/04/2020 19:00,19,58.8,ug/m3,153,Unhealthy,Valid,4,ap
13/04/2020 20:00,20,69,ug/m3,158,Unhealthy,Valid,4,ap
13/04/2020 21:00,21,84.2,ug/m3,166,Unhealthy,Valid,4,ap
13/04/2020 22:00,22,87.1,ug/m3,167,Unhealthy,Valid,4,ap
13/04/2020 23:00,23,85.2,ug/m3,166,Unhealthy,Valid,4,ap
14/04/2020 00:00,0,89.3,ug/m3,168,Unhealthy,Valid,4,ap
14/04/2020 01:00,1,63.3,ug/m3,155,Unhealthy,Valid,4,ap
14/04/2020 02:00,2,47.1,ug/m3,130,Unhealthy for Sensitive Groups,Valid,4,ap
14/04/2020 03:00,3,38,ug/m3,107,Unhealthy for Sensitive Groups,Valid,4,ap
14/04/2020 04:00,4,32.5,ug/m3,94,Moderate,Valid,4,ap
14/04/2020 05:00,5,29.2,ug/m3,87,Moderate,Valid,4,ap
14/04/2020 06:00,6,46.6,ug/m3,128,Unhealthy for Sensitive Groups,Valid,4,ap
14/04/2020 07:00,7,72.8,ug/m3,160,Unhealthy,Valid,4,ap
14/04/2020 08:00,8,87.9,ug/m3,168,Unhealthy,Valid,4,ap
14/04/2020 09:00,9,94.9,ug/m3,171,Unhealthy,Valid,4,ap
14/04/2020 10:00,10,91.9,ug/m3,170,Unhealthy,Valid,4,ap
14/04/2020 11:00,11,85.4,ug/m3,166,Unhealthy,Valid,4,ap
14/04/2020 12:00,12,75.2,ug/m3,161,Unhealthy,Valid,4,ap
14/04/2020 13:00,13,62.6,ug/m3,155,Unhealthy,Valid,4,ap
14/04/2020 14:00,14,56.8,ug/m3,152,Unhealthy,Valid,4,ap
14/04/2020 15:00,15,57.4,ug/m3,152,Unhealthy,Valid,4,ap
14/04/2020 16:00,16,62.2,ug/m3,154,Unhealthy,Valid,4,ap
14/04/2020 17:00,17,66.1,ug/m3,156,Unhealthy,Valid,4,ap
14/04/2020 18:00,18,63,ug/m3,155,Unhealthy,Valid,4,ap
14/04/2020 19:00,19,64,ug/m3,155,Unhealthy,Valid,4,ap
14/04/2020 20:00,20,68.5,ug/m3,158,Unhealthy,Valid,4,ap
14/04/2020 21:00,21,77.1,ug/m3,162,Unhealthy,Valid,4,ap
14/04/2020 22:00,22,84.1,ug/m3,166,Unhealthy,Valid,4,ap
14/04/2020 23:00,23,127.6,ug/m3,188,Unhealthy,Valid,4,ap
15/04/2020 00:00,0,92.3,ug/m3,170,Unhealthy,Valid,4,ap
15/04/2020 01:00,1,67.6,ug/m3,157,Unhealthy,Valid,4,ap
15/04/2020 02:00,2,48.8,ug/m3,134,Unhealthy for Sensitive Groups,Valid,4,ap
15/04/2020 03:00,3,37.9,ug/m3,107,Unhealthy for Sensitive Groups,Valid,4,ap
15/04/2020 04:00,4,30.4,ug/m3,89,Moderate,Valid,4,ap
15/04/2020 05:00,5,25.7,ug/m3,80,Moderate,Valid,4,ap
15/04/2020 06:00,6,25.3,ug/m3,79,Moderate,Valid,4,ap
15/04/2020 07:00,7,29.6,ug/m3,88,Moderate,Valid,4,ap
15/04/2020 08:00,8,28.8,ug/m3,86,Moderate,Valid,4,ap
15/04/2020 09:00,9,34.4,ug/m3,98,Moderate,Valid,4,ap
15/04/2020 10:00,10,45.7,ug/m3,126,Unhealthy for Sensitive Groups,Valid,4,ap
15/04/2020 11:00,11,41.3,ug/m3,115,Unhealthy for Sensitive Groups,Valid,4,ap
15/04/2020 12:00,12,42.1,ug/m3,117,Unhealthy for Sensitive Groups,Valid,4,ap
15/04/2020 13:00,13,43,ug/m3,119,Unhealthy for Sensitive Groups,Valid,4,ap
15/04/2020 14:00,14,30,ug/m3,89,Moderate,Valid,4,ap
15/04/2020 15:00,15,23.5,ug/m3,75,Moderate,Valid,4,ap
15/04/2020 16:00,16,20.7,ug/m3,69,Moderate,Valid,4,ap
15/04/2020 17:00,17,17.3,ug/m3,62,Moderate,Valid,4,ap
15/04/2020 18:00,18,19.6,ug/m3,67,Moderate,Valid,4,ap
15/04/2020 19:00,19,22.3,ug/m3,72,Moderate,Valid,4,ap
15/04/2020 20:00,20,24.6,ug/m3,77,Moderate,Valid,4,ap
15/04/2020 21:00,21,27.8,ug/m3,84,Moderate,Valid,4,ap
15/04/2020 22:00,22,38.4,ug/m3,108,Unhealthy for Sensitive Groups,Valid,4,ap
15/04/2020 23:00,23,54.2,ug/m3,147,Unhealthy for Sensitive Groups,Valid,4,ap
16/04/2020 00:00,0,46.1,ug/m3,127,Unhealthy for Sensitive Groups,Valid,4,ap
16/04/2020 01:00,1,28,ug/m3,84,Moderate,Valid,4,ap
16/04/2020 02:00,2,20,ug/m3,68,Moderate,Valid,4,ap
16/04/2020 03:00,3,16,ug/m3,59,Moderate,Valid,4,ap
16/04/2020 04:00,4,14,ug/m3,55,Moderate,Valid,4,ap
16/04/2020 05:00,5,14.5,ug/m3,56,Moderate,Valid,4,ap
16/04/2020 06:00,6,18.7,ug/m3,65,Moderate,Valid,4,ap
16/04/2020 07:00,7,22.8,ug/m3,74,Moderate,Valid,4,ap
16/04/2020 08:00,8,23.4,ug/m3,75,Moderate,Valid,4,ap
16/04/2020 09:00,9,27.7,ug/m3,84,Moderate,Valid,4,ap
16/04/2020 10:00,10,27.8,ug/m3,84,Moderate,Valid,4,ap
16/04/2020 11:00,11,31.4,ug/m3,92,Moderate,Valid,4,ap
16/04/2020 12:00,12,34.2,ug/m3,97,Moderate,Valid,4,ap
16/04/2020 13:00,13,36.6,ug/m3,104,Unhealthy for Sensitive Groups,Valid,4,ap
16/04/2020 14:00,14,41.3,ug/m3,115,Unhealthy for Sensitive Groups,Valid,4,ap
16/04/2020 15:00,15,44.6,ug/m3,123,Unhealthy for Sensitive Groups,Valid,4,ap
16/04/2020 16:00,16,50.8,ug/m3,139,Unhealthy for Sensitive Groups,Valid,4,ap
16/04/2020 17:00,17,52.9,ug/m3,144,Unhealthy for Sensitive Groups,Valid,4,ap
16/04/2020 18:00,18,48.4,ug/m3,133,Unhealthy for Sensitive Groups,Valid,4,ap
16/04/2020 19:00,19,53.7,ug/m3,146,Unhealthy for Sensitive Groups,Valid,4,ap
16/04/2020 20:00,20,66.3,ug/m3,157,Unhealthy,Valid,4,ap
16/04/2020 21:00,21,79.1,ug/m3,163,Unhealthy,Valid,4,ap
16/04/2020 22:00,22,87.6,ug/m3,168,Unhealthy,Valid,4,ap
16/04/2020 23:00,23,85.3,ug/m3,166,Unhealthy,Valid,4,ap
17/04/2020 00:00,0,59.1,ug/m3,153,Unhealthy,Valid,4,ap
17/04/2020 01:00,1,45.5,ug/m3,126,Unhealthy for Sensitive Groups,Valid,4,ap
17/04/2020 02:00,2,36.7,ug/m3,104,Unhealthy for Sensitive Groups,Valid,4,ap
17/04/2020 03:00,3,32.8,ug/m3,95,Moderate,Valid,4,ap
17/04/2020 04:00,4,27.9,ug/m3,84,Moderate,Valid,4,ap
17/04/2020 05:00,5,33.4,ug/m3,96,Moderate,Valid,4,ap
17/04/2020 06:00,6,35.7,ug/m3,101,Unhealthy for Sensitive Groups,Valid,4,ap
17/04/2020 07:00,7,39.3,ug/m3,110,Unhealthy for Sensitive Groups,Valid,4,ap
17/04/2020 08:00,8,39.1,ug/m3,110,Unhealthy for Sensitive Groups,Valid,4,ap
17/04/2020 09:00,9,34,ug/m3,97,Moderate,Valid,4,ap
17/04/2020 10:00,10,29,ug/m3,87,Moderate,Valid,4,ap
17/04/2020 11:00,11,24.5,ug/m3,77,Moderate,Valid,4,ap
17/04/2020 12:00,12,21.7,ug/m3,71,Moderate,Valid,4,ap
17/04/2020 13:00,13,21.3,ug/m3,70,Moderate,Valid,4,ap
17/04/2020 14:00,14,25.6,ug/m3,79,Moderate,Valid,4,ap
17/04/2020 15:00,15,25.8,ug/m3,80,Moderate,Valid,4,ap
17/04/2020 16:00,16,28.4,ug/m3,85,Moderate,Valid,4,ap
17/04/2020 17:00,17,32.7,ug/m3,94,Moderate,Valid,4,ap
17/04/2020 18:00,18,34.3,ug/m3,98,Moderate,Valid,4,ap
17/04/2020 19:00,19,34.1,ug/m3,97,Moderate,Valid,4,ap
17/04/2020 20:00,20,37,ug/m3,105,Unhealthy for Sensitive Groups,Valid,4,ap
17/04/2020 21:00,21,35.5,ug/m3,101,Unhealthy for Sensitive Groups,Valid,4,ap
17/04/2020 22:00,22,38.7,ug/m3,109,Unhealthy for Sensitive Groups,Valid,4,ap
17/04/2020 23:00,23,40.3,ug/m3,113,Unhealthy for Sensitive Groups,Valid,4,ap
18/04/2020 00:00,0,41.6,ug/m3,116,Unhealthy for Sensitive Groups,Valid,4,ap
18/04/2020 01:00,1,42.2,ug/m3,117,Unhealthy for Sensitive Groups,Valid,4,ap
18/04/2020 02:00,2,42.5,ug/m3,118,Unhealthy for Sensitive Groups,Valid,4,ap
18/04/2020 03:00,3,42.9,ug/m3,119,Unhealthy for Sensitive Groups,Valid,4,ap
18/04/2020 04:00,4,46.8,ug/m3,129,Unhealthy for Sensitive Groups,Valid,4,ap
18/04/2020 05:00,5,56.2,ug/m3,151,Unhealthy,Valid,4,ap
18/04/2020 06:00,6,44.3,ug/m3,123,Unhealthy for Sensitive Groups,Valid,4,ap
18/04/2020 07:00,7,40.1,ug/m3,112,Unhealthy for Sensitive Groups,Valid,4,ap
18/04/2020 08:00,8,38.5,ug/m3,108,Unhealthy for Sensitive Groups,Valid,4,ap
18/04/2020 09:00,9,31.2,ug/m3,91,Moderate,Valid,4,ap
18/04/2020 10:00,10,27.6,ug/m3,84,Moderate,Valid,4,ap
18/04/2020 11:00,11,28.8,ug/m3,86,Moderate,Valid,4,ap
18/04/2020 12:00,12,29.9,ug/m3,88,Moderate,Valid,4,ap
18/04/2020 13:00,13,31.9,ug/m3,93,Moderate,Valid,4,ap
18/04/2020 14:00,14,32.9,ug/m3,95,Moderate,Valid,4,ap
18/04/2020 15:00,15,31.9,ug/m3,93,Moderate,Valid,4,ap
18/04/2020 16:00,16,29.9,ug/m3,88,Moderate,Valid,4,ap
18/04/2020 17:00,17,29.5,ug/m3,88,Moderate,Valid,4,ap
18/04/2020 18:00,18,29.3,ug/m3,87,Moderate,Valid,4,ap
18/04/2020 19:00,19,28.1,ug/m3,85,Moderate,Valid,4,ap
18/04/2020 20:00,20,25.9,ug/m3,80,Moderate,Valid,4,ap
18/04/2020 21:00,21,25.6,ug/m3,79,Moderate,Valid,4,ap
18/04/2020 22:00,22,31.7,ug/m3,92,Moderate,Valid,4,ap
18/04/2020 23:00,23,26.8,ug/m3,82,Moderate,Valid,4,ap
19/04/2020 00:00,0,32.1,ug/m3,93,Moderate,Valid,4,ap
19/04/2020 01:00,1,26.1,ug/m3,80,Moderate,Valid,4,ap
19/04/2020 02:00,2,21.5,ug/m3,71,Moderate,Valid,4,ap
19/04/2020 03:00,3,37.7,ug/m3,106,Unhealthy for Sensitive Groups,Valid,4,ap
19/04/2020 04:00,4,25.3,ug/m3,79,Moderate,Valid,4,ap
19/04/2020 05:00,5,21.1,ug/m3,70,Moderate,Valid,4,ap
19/04/2020 06:00,6,28.5,ug/m3,85,Moderate,Valid,4,ap
19/04/2020 07:00,7,57.8,ug/m3,152,Unhealthy,Valid,4,ap
19/04/2020 08:00,8,41.4,ug/m3,116,Unhealthy for Sensitive Groups,Valid,4,ap
19/04/2020 09:00,9,35.2,ug/m3,100,Moderate,Valid,4,ap
19/04/2020 10:00,10,31.5,ug/m3,92,Moderate,Valid,4,ap
19/04/2020 11:00,11,33.8,ug/m3,97,Moderate,Valid,4,ap
19/04/2020 12:00,12,33.4,ug/m3,96,Moderate,Valid,4,ap
19/04/2020 13:00,13,31.2,ug/m3,91,Moderate,Valid,4,ap
19/04/2020 14:00,14,25.1,ug/m3,78,Moderate,Valid,4,ap
19/04/2020 15:00,15,23.5,ug/m3,75,Moderate,Valid,4,ap
19/04/2020 16:00,16,21.2,ug/m3,70,Moderate,Valid,4,ap
19/04/2020 17:00,17,23.1,ug/m3,74,Moderate,Valid,4,ap
19/04/2020 18:00,18,25,ug/m3,78,Moderate,Valid,4,ap
19/04/2020 19:00,19,30.8,ug/m3,90,Moderate,Valid,4,ap
19/04/2020 20:00,20,39.5,ug/m3,111,Unhealthy for Sensitive Groups,Valid,4,ap
19/04/2020 21:00,21,37.7,ug/m3,106,Unhealthy for Sensitive Groups,Valid,4,ap
19/04/2020 22:00,22,33.8,ug/m3,97,Moderate,Valid,4,ap
19/04/2020 23:00,23,27.4,ug/m3,83,Moderate,Valid,4,ap
20/04/2020 00:00,0,23.2,ug/m3,74,Moderate,Valid,4,ap
20/04/2020 01:00,1,28.6,ug/m3,86,Moderate,Valid,4,ap
20/04/2020 02:00,2,32.3,ug/m3,93,Moderate,Valid,4,ap
20/04/2020 03:00,3,28.6,ug/m3,86,Moderate,Valid,4,ap
20/04/2020 04:00,4,22.3,ug/m3,72,Moderate,Valid,4,ap
20/04/2020 05:00,5,34.6,ug/m3,98,Moderate,Valid,4,ap
20/04/2020 06:00,6,23.3,ug/m3,75,Moderate,Valid,4,ap
20/04/2020 07:00,7,28.1,ug/m3,85,Moderate,Valid,4,ap
20/04/2020 08:00,8,29.5,ug/m3,88,Moderate,Valid,4,ap
20/04/2020 09:00,9,30.7,ug/m3,90,Moderate,Valid,4,ap
20/04/2020 10:00,10,32.3,ug/m3,93,Moderate,Valid,4,ap
20/04/2020 11:00,11,32.1,ug/m3,93,Moderate,Valid,4,ap
20/04/2020 12:00,12,31.6,ug/m3,92,Moderate,Valid,4,ap
20/04/2020 13:00,13,32.3,ug/m3,93,Moderate,Valid,4,ap
20/04/2020 14:00,14,32.1,ug/m3,93,Moderate,Valid,4,ap
20/04/2020 15:00,15,31.5,ug/m3,92,Moderate,Valid,4,ap
20/04/2020 16:00,16,32.2,ug/m3,93,Moderate,Valid,4,ap
20/04/2020 17:00,17,30.1,ug/m3,89,Moderate,Valid,4,ap
20/04/2020 18:00,18,33.2,ug/m3,95,Moderate,Valid,4,ap
20/04/2020 19:00,19,36.3,ug/m3,103,Unhealthy for Sensitive Groups,Valid,4,ap
20/04/2020 20:00,20,37.2,ug/m3,105,Unhealthy for Sensitive Groups,Valid,4,ap
20/04/2020 21:00,21,37.8,ug/m3,107,Unhealthy for Sensitive Groups,Valid,4,ap
20/04/2020 22:00,22,41.3,ug/m3,115,Unhealthy for Sensitive Groups,Valid,4,ap
20/04/2020 23:00,23,46,ug/m3,127,Unhealthy for Sensitive Groups,Valid,4,ap
21/04/2020 00:00,0,40.6,ug/m3,114,Unhealthy for Sensitive Groups,Valid,4,ap
21/04/2020 01:00,1,33.3,ug/m3,96,Moderate,Valid,4,ap
21/04/2020 02:00,2,38,ug/m3,107,Unhealthy for Sensitive Groups,Valid,4,ap
21/04/2020 03:00,3,79,ug/m3,163,Unhealthy,Valid,4,ap
21/04/2020 04:00,4,84,ug/m3,166,Unhealthy,Valid,4,ap
21/04/2020 05:00,5,84,ug/m3,166,Unhealthy,Valid,4,ap
21/04/2020 06:00,6,80,ug/m3,164,Unhealthy,Valid,4,ap
21/04/2020 07:00,7,80,ug/m3,164,Unhealthy,Valid,4,ap
21/04/2020 08:00,8,82.5,ug/m3,165,Unhealthy,Valid,4,ap
21/04/2020 09:00,9,92.2,ug/m3,170,Unhealthy,Valid,4,ap
21/04/2020 10:00,10,70.6,ug/m3,159,Unhealthy,Valid,4,ap
21/04/2020 11:00,11,54.3,ug/m3,147,Unhealthy for Sensitive Groups,Valid,4,ap
21/04/2020 12:00,12,43.6,ug/m3,121,Unhealthy for Sensitive Groups,Valid,4,ap
21/04/2020 13:00,13,42.3,ug/m3,118,Unhealthy for Sensitive Groups,Valid,4,ap
21/04/2020 14:00,14,37.6,ug/m3,106,Unhealthy for Sensitive Groups,Valid,4,ap
21/04/2020 15:00,15,33.8,ug/m3,97,Moderate,Valid,4,ap
21/04/2020 16:00,16,38.9,ug/m3,109,Unhealthy for Sensitive Groups,Valid,4,ap
21/04/2020 17:00,17,38.4,ug/m3,108,Unhealthy for Sensitive Groups,Valid,4,ap
21/04/2020 18:00,18,37.7,ug/m3,106,Unhealthy for Sensitive Groups,Valid,4,ap
21/04/2020 19:00,19,46.3,ug/m3,128,Unhealthy for Sensitive Groups,Valid,4,ap
21/04/2020 20:00,20,57.6,ug/m3,152,Unhealthy,Valid,4,ap
21/04/2020 21:00,21,60.8,ug/m3,154,Unhealthy,Valid,4,ap
21/04/2020 22:00,22,57.9,ug/m3,152,Unhealthy,Valid,4,ap
21/04/2020 23:00,23,58.4,ug/m3,152,Unhealthy,Valid,4,ap
22/04/2020 00:00,0,53.2,ug/m3,145,Unhealthy for Sensitive Groups,Valid,4,ap
22/04/2020 01:00,1,59.1,ug/m3,153,Unhealthy,Valid,4,ap
22/04/2020 02:00,2,61,ug/m3,154,Unhealthy,Valid,4,ap
22/04/2020 03:00,3,75,ug/m3,161,Unhealthy,Valid,4,ap
22/04/2020 04:00,4,71,ug/m3,159,Unhealthy,Valid,4,ap
22/04/2020 05:00,5,73,ug/m3,160,Unhealthy,Valid,4,ap
22/04/2020 06:00,6,89.5,ug/m3,169,Unhealthy,Valid,4,ap
22/04/2020 07:00,7,78.2,ug/m3,163,Unhealthy,Valid,4,ap
22/04/2020 08:00,8,70.1,ug/m3,159,Unhealthy,Valid,4,ap
22/04/2020 09:00,9,64.5,ug/m3,156,Unhealthy,Valid,4,ap
22/04/2020 10:00,10,93.2,ug/m3,170,Unhealthy,Valid,4,ap
22/04/2020 11:00,11,119.1,ug/m3,184,Unhealthy,Valid,4,ap
22/04/2020 12:00,12,74.5,ug/m3,161,Unhealthy,Valid,4,ap
22/04/2020 13:00,13,46.2,ug/m3,127,Unhealthy for Sensitive Groups,Valid,4,ap
22/04/2020 14:00,14,36.6,ug/m3,104,Unhealthy for Sensitive Groups,Valid,4,ap
22/04/2020 15:00,15,30.8,ug/m3,90,Moderate,Valid,4,ap
22/04/2020 16:00,16,25.3,ug/m3,79,Moderate,Valid,4,ap
22/04/2020 17:00,17,23.6,ug/m3,75,Moderate,Valid,4,ap
22/04/2020 18:00,18,26.8,ug/m3,82,Moderate,Valid,4,ap
22/04/2020 19:00,19,32.4,ug/m3,94,Moderate,Valid,4,ap
22/04/2020 20:00,20,32.2,ug/m3,93,Moderate,Valid,4,ap
22/04/2020 21:00,21,29.5,ug/m3,88,Moderate,Valid,4,ap
22/04/2020 22:00,22,24.7,ug/m3,77,Moderate,Valid,4,ap
22/04/2020 23:00,23,19.8,ug/m3,67,Moderate,Valid,4,ap
23/04/2020 00:00,0,18.4,ug/m3,64,Moderate,Valid,4,ap
23/04/2020 01:00,1,18.7,ug/m3,65,Moderate,Valid,4,ap
23/04/2020 02:00,2,22.3,ug/m3,72,Moderate,Valid,4,ap
23/04/2020 03:00,3,58.6,ug/m3,153,Unhealthy,Valid,4,ap
23/04/2020 04:00,4,85.8,ug/m3,167,Unhealthy,Valid,4,ap
23/04/2020 05:00,5,63.9,ug/m3,155,Unhealthy,Valid,4,ap
23/04/2020 06:00,6,47.4,ug/m3,130,Unhealthy for Sensitive Groups,Valid,4,ap
23/04/2020 07:00,7,46.7,ug/m3,129,Unhealthy for Sensitive Groups,Valid,4,ap
23/04/2020 08:00,8,51.3,ug/m3,140,Unhealthy for Sensitive Groups,Valid,4,ap
23/04/2020 09:00,9,68.6,ug/m3,158,Unhealthy,Valid,4,ap
23/04/2020 10:00,10,95.3,ug/m3,172,Unhealthy,Valid,4,ap
23/04/2020 11:00,11,64.1,ug/m3,155,Unhealthy,Valid,4,ap
23/04/2020 12:00,12,47.5,ug/m3,131,Unhealthy for Sensitive Groups,Valid,4,ap
23/04/2020 13:00,13,37.7,ug/m3,106,Unhealthy for Sensitive Groups,Valid,4,ap
23/04/2020 14:00,14,32.8,ug/m3,95,Moderate,Valid,4,ap
23/04/2020 15:00,15,31.9,ug/m3,93,Moderate,Valid,4,ap
23/04/2020 16:00,16,39.4,ug/m3,111,Unhealthy for Sensitive Groups,Valid,4,ap
23/04/2020 17:00,17,25.7,ug/m3,80,Moderate,Valid,4,ap
23/04/2020 18:00,18,24.3,ug/m3,77,Moderate,Valid,4,ap
23/04/2020 19:00,19,21.1,ug/m3,70,Moderate,Valid,4,ap
23/04/2020 20:00,20,17.5,ug/m3,62,Moderate,Valid,4,ap
23/04/2020 21:00,21,22.2,ug/m3,72,Moderate,Valid,4,ap
23/04/2020 22:00,22,21.1,ug/m3,70,Moderate,Valid,4,ap
23/04/2020 23:00,23,37,ug/m3,105,Unhealthy for Sensitive Groups,Valid,4,ap
24/04/2020 00:00,0,36.5,ug/m3,103,Unhealthy for Sensitive Groups,Valid,4,ap
24/04/2020 01:00,1,41.7,ug/m3,116,Unhealthy for Sensitive Groups,Valid,4,ap
24/04/2020 02:00,2,58.3,ug/m3,152,Unhealthy,Valid,4,ap
24/04/2020 03:00,3,68.7,ug/m3,158,Unhealthy,Valid,4,ap
24/04/2020 04:00,4,54.3,ug/m3,147,Unhealthy for Sensitive Groups,Valid,4,ap
24/04/2020 05:00,5,67.1,ug/m3,157,Unhealthy,Valid,4,ap
24/04/2020 06:00,6,43,ug/m3,119,Unhealthy for Sensitive Groups,Valid,4,ap
24/04/2020 07:00,7,36.5,ug/m3,103,Unhealthy for Sensitive Groups,Valid,4,ap
24/04/2020 08:00,8,52.2,ug/m3,142,Unhealthy for Sensitive Groups,Valid,4,ap
24/04/2020 09:00,9,64.1,ug/m3,155,Unhealthy,Valid,4,ap
24/04/2020 10:00,10,45.5,ug/m3,126,Unhealthy for Sensitive Groups,Valid,4,ap
24/04/2020 11:00,11,33.2,ug/m3,95,Moderate,Valid,4,ap
24/04/2020 12:00,12,23.1,ug/m3,74,Moderate,Valid,4,ap
24/04/2020 13:00,13,36.5,ug/m3,103,Unhealthy for Sensitive Groups,Valid,4,ap
24/04/2020 14:00,14,44.2,ug/m3,122,Unhealthy for Sensitive Groups,Valid,4,ap
24/04/2020 15:00,15,37.6,ug/m3,106,Unhealthy for Sensitive Groups,Valid,4,ap
24/04/2020 16:00,16,32.8,ug/m3,95,Moderate,Valid,4,ap
24/04/2020 17:00,17,31.4,ug/m3,92,Moderate,Valid,4,ap
24/04/2020 18:00,18,26.7,ug/m3,82,Moderate,Valid,4,ap
24/04/2020 19:00,19,25.3,ug/m3,79,Moderate,Valid,4,ap
24/04/2020 20:00,20,29.6,ug/m3,88,Moderate,Valid,4,ap
24/04/2020 21:00,21,39.8,ug/m3,112,Unhealthy for Sensitive Groups,Valid,4,ap
24/04/2020 22:00,22,50.9,ug/m3,139,Unhealthy for Sensitive Groups,Valid,4,ap
24/04/2020 23:00,23,36.9,ug/m3,104,Unhealthy for Sensitive Groups,Valid,4,ap
25/04/2020 00:00,0,32.4,ug/m3,94,Moderate,Valid,4,ap
25/04/2020 01:00,1,27.7,ug/m3,84,Moderate,Valid,4,ap
25/04/2020 02:00,2,21.8,ug/m3,71,Moderate,Valid,4,ap
25/04/2020 03:00,3,20.9,ug/m3,70,Moderate,Valid,4,ap
25/04/2020 04:00,4,65.9,ug/m3,156,Unhealthy,Valid,4,ap
25/04/2020 05:00,5,73.4,ug/m3,160,Unhealthy,Valid,4,ap
25/04/2020 06:00,6,58.2,ug/m3,152,Unhealthy,Valid,4,ap
25/04/2020 07:00,7,47.6,ug/m3,131,Unhealthy for Sensitive Groups,Valid,4,ap
25/04/2020 08:00,8,32.3,ug/m3,93,Moderate,Valid,4,ap
25/04/2020 09:00,9,35.1,ug/m3,99,Moderate,Valid,4,ap
25/04/2020 10:00,10,31,ug/m3,91,Moderate,Valid,4,ap
25/04/2020 11:00,11,26.5,ug/m3,81,Moderate,Valid,4,ap
25/04/2020 12:00,12,23.2,ug/m3,74,Moderate,Valid,4,ap
25/04/2020 13:00,13,22.1,ug/m3,72,Moderate,Valid,4,ap
25/04/2020 14:00,14,21,ug/m3,70,Moderate,Valid,4,ap
25/04/2020 15:00,15,22.5,ug/m3,73,Moderate,Valid,4,ap
25/04/2020 16:00,16,23.7,ug/m3,75,Moderate,Valid,4,ap
25/04/2020 17:00,17,22.8,ug/m3,74,Moderate,Valid,4,ap
25/04/2020 18:00,18,26.4,ug/m3,81,Moderate,Valid,4,ap
25/04/2020 19:00,19,23.7,ug/m3,75,Moderate,Valid,4,ap
25/04/2020 20:00,20,32.3,ug/m3,93,Moderate,Valid,4,ap
25/04/2020 21:00,21,42.1,ug/m3,117,Unhealthy for Sensitive Groups,Valid,4,ap
25/04/2020 22:00,22,48,ug/m3,132,Unhealthy for Sensitive Groups,Valid,4,ap
25/04/2020 23:00,23,46.5,ug/m3,128,Unhealthy for Sensitive Groups,Valid,4,ap
26/04/2020 00:00,0,52.2,ug/m3,142,Unhealthy for Sensitive Groups,Valid,4,ap
26/04/2020 01:00,1,57.6,ug/m3,152,Unhealthy,Valid,4,ap
26/04/2020 02:00,2,46.3,ug/m3,128,Unhealthy for Sensitive Groups,Valid,4,ap
26/04/2020 03:00,3,46.1,ug/m3,127,Unhealthy for Sensitive Groups,Valid,4,ap
26/04/2020 04:00,4,36.5,ug/m3,103,Unhealthy for Sensitive Groups,Valid,4,ap
26/04/2020 05:00,5,31.7,ug/m3,92,Moderate,Valid,4,ap
26/04/2020 06:00,6,23.3,ug/m3,75,Moderate,Valid,4,ap
26/04/2020 07:00,7,30.6,ug/m3,90,Moderate,Valid,4,ap
26/04/2020 08:00,8,21.3,ug/m3,70,Moderate,Valid,4,ap
26/04/2020 09:00,9,15.6,ug/m3,58,Moderate,Valid,4,ap
26/04/2020 10:00,10,16.3,ug/m3,60,Moderate,Valid,4,ap
26/04/2020 11:00,11,16.6,ug/m3,60,Moderate,Valid,4,ap
26/04/2020 12:00,12,17.8,ug/m3,63,Moderate,Valid,4,ap
26/04/2020 13:00,13,17.9,ug/m3,63,Moderate,Valid,4,ap
26/04/2020 14:00,14,18.9,ug/m3,65,Moderate,Valid,4,ap
26/04/2020 15:00,15,14.4,ug/m3,56,Moderate,Valid,4,ap
26/04/2020 16:00,16,13.7,ug/m3,54,Moderate,Valid,4,ap
26/04/2020 17:00,17,15.3,ug/m3,58,Moderate,Valid,4,ap
26/04/2020 18:00,18,17.6,ug/m3,63,Moderate,Valid,4,ap
26/04/2020 19:00,19,17.8,ug/m3,63,Moderate,Valid,4,ap
26/04/2020 20:00,20,19.9,ug/m3,67,Moderate,Valid,4,ap
26/04/2020 21:00,21,29.9,ug/m3,88,Moderate,Valid,4,ap
26/04/2020 22:00,22,34.4,ug/m3,98,Moderate,Valid,4,ap
26/04/2020 23:00,23,35.7,ug/m3,101,Unhealthy for Sensitive Groups,Valid,4,ap
27/04/2020 00:00,0,33.8,ug/m3,97,Moderate,Valid,4,ap
27/04/2020 01:00,1,33.9,ug/m3,97,Moderate,Valid,4,ap
27/04/2020 02:00,2,34.4,ug/m3,98,Moderate,Valid,4,ap
27/04/2020 03:00,3,36.2,ug/m3,103,Unhealthy for Sensitive Groups,Valid,4,ap
27/04/2020 04:00,4,36.1,ug/m3,102,Unhealthy for Sensitive Groups,Valid,4,ap
27/04/2020 05:00,5,32,ug/m3,93,Moderate,Valid,4,ap
27/04/2020 06:00,6,35.5,ug/m3,101,Unhealthy for Sensitive Groups,Valid,4,ap
27/04/2020 07:00,7,34.3,ug/m3,98,Moderate,Valid,4,ap
27/04/2020 08:00,8,41.8,ug/m3,117,Unhealthy for Sensitive Groups,Valid,4,ap
27/04/2020 09:00,9,43.2,ug/m3,120,Unhealthy for Sensitive Groups,Valid,4,ap
27/04/2020 10:00,10,43.6,ug/m3,121,Unhealthy for Sensitive Groups,Valid,4,ap
27/04/2020 11:00,11,43.3,ug/m3,120,Unhealthy for Sensitive Groups,Valid,4,ap
27/04/2020 12:00,12,36.4,ug/m3,103,Unhealthy for Sensitive Groups,Valid,4,ap
27/04/2020 13:00,13,36.6,ug/m3,104,Unhealthy for Sensitive Groups,Valid,4,ap
27/04/2020 14:00,14,36.3,ug/m3,103,Unhealthy for Sensitive Groups,Valid,4,ap
27/04/2020 15:00,15,38.4,ug/m3,108,Unhealthy for Sensitive Groups,Valid,4,ap
27/04/2020 16:00,16,37.8,ug/m3,107,Unhealthy for Sensitive Groups,Valid,4,ap
27/04/2020 17:00,17,36,ug/m3,102,Unhealthy for Sensitive Groups,Valid,4,ap
27/04/2020 18:00,18,31,ug/m3,91,Moderate,Valid,4,ap
27/04/2020 19:00,19,33.9,ug/m3,97,Moderate,Valid,4,ap
27/04/2020 20:00,20,36.5,ug/m3,103,Unhealthy for Sensitive Groups,Valid,4,ap
27/04/2020 21:00,21,37.5,ug/m3,106,Unhealthy for Sensitive Groups,Valid,4,ap
27/04/2020 22:00,22,34.8,ug/m3,99,Moderate,Valid,4,ap
27/04/2020 23:00,23,38,ug/m3,107,Unhealthy for Sensitive Groups,Valid,4,ap
28/04/2020 00:00,0,42.2,ug/m3,117,Unhealthy for Sensitive Groups,Valid,4,ap
28/04/2020 01:00,1,53.4,ug/m3,145,Unhealthy for Sensitive Groups,Valid,4,ap
28/04/2020 02:00,2,61.2,ug/m3,154,Unhealthy,Valid,4,ap
28/04/2020 03:00,3,76.1,ug/m3,162,Unhealthy,Valid,4,ap
28/04/2020 04:00,4,73,ug/m3,160,Unhealthy,Valid,4,ap
28/04/2020 05:00,5,67.5,ug/m3,157,Unhealthy,Valid,4,ap
28/04/2020 06:00,6,66.2,ug/m3,157,Unhealthy,Valid,4,ap
28/04/2020 07:00,7,61.6,ug/m3,154,Unhealthy,Valid,4,ap
28/04/2020 08:00,8,62.3,ug/m3,155,Unhealthy,Valid,4,ap
28/04/2020 09:00,9,68.6,ug/m3,158,Unhealthy,Valid,4,ap
28/04/2020 10:00,10,67.3,ug/m3,157,Unhealthy,Valid,4,ap
28/04/2020 11:00,11,56.1,ug/m3,151,Unhealthy,Valid,4,ap
28/04/2020 12:00,12,49.5,ug/m3,135,Unhealthy for Sensitive Groups,Valid,4,ap
28/04/2020 13:00,13,41.7,ug/m3,116,Unhealthy for Sensitive Groups,Valid,4,ap
28/04/2020 14:00,14,33.8,ug/m3,97,Moderate,Valid,4,ap
28/04/2020 15:00,15,22.9,ug/m3,74,Moderate,Valid,4,ap
28/04/2020 16:00,16,21.9,ug/m3,72,Moderate,Valid,4,ap
28/04/2020 17:00,17,23.9,ug/m3,76,Moderate,Valid,4,ap
28/04/2020 18:00,18,26.4,ug/m3,81,Moderate,Valid,4,ap
28/04/2020 19:00,19,31.7,ug/m3,92,Moderate,Valid,4,ap
28/04/2020 20:00,20,32.8,ug/m3,95,Moderate,Valid,4,ap
28/04/2020 21:00,21,35.4,ug/m3,100,Moderate,Valid,4,ap
28/04/2020 22:00,22,39.7,ug/m3,111,Unhealthy for Sensitive Groups,Valid,4,ap
28/04/2020 23:00,23,51.3,ug/m3,140,Unhealthy for Sensitive Groups,Valid,4,ap
29/04/2020 00:00,0,46.1,ug/m3,127,Unhealthy for Sensitive Groups,Valid,4,ap
29/04/2020 01:00,1,47.5,ug/m3,131,Unhealthy for Sensitive Groups,Valid,4,ap
29/04/2020 02:00,2,39.2,ug/m3,110,Unhealthy for Sensitive Groups,Valid,4,ap
29/04/2020 03:00,3,36.6,ug/m3,104,Unhealthy for Sensitive Groups,Valid,4,ap
29/04/2020 04:00,4,35.8,ug/m3,102,Unhealthy for Sensitive Groups,Valid,4,ap
29/04/2020 05:00,5,31.4,ug/m3,92,Moderate,Valid,4,ap
29/04/2020 06:00,6,25.2,ug/m3,79,Moderate,Valid,4,ap
29/04/2020 07:00,7,38.1,ug/m3,107,Unhealthy for Sensitive Groups,Valid,4,ap
29/04/2020 08:00,8,46,ug/m3,127,Unhealthy for Sensitive Groups,Valid,4,ap
29/04/2020 09:00,9,56,ug/m3,151,Unhealthy,Valid,4,ap
29/04/2020 10:00,10,56,ug/m3,151,Unhealthy,Valid,4,ap
29/04/2020 11:00,11,46,ug/m3,127,Unhealthy for Sensitive Groups,Valid,4,ap
29/04/2020 12:00,12,41,ug/m3,115,Unhealthy for Sensitive Groups,Valid,4,ap
29/04/2020 13:00,13,37.9,ug/m3,107,Unhealthy for Sensitive Groups,Valid,4,ap
29/04/2020 14:00,14,34.4,ug/m3,98,Moderate,Valid,4,ap
29/04/2020 15:00,15,37.7,ug/m3,106,Unhealthy for Sensitive Groups,Valid,4,ap
29/04/2020 16:00,16,42.8,ug/m3,119,Unhealthy for Sensitive Groups,Valid,4,ap
29/04/2020 17:00,17,45.9,ug/m3,127,Unhealthy for Sensitive Groups,Valid,4,ap
29/04/2020 18:00,18,37.9,ug/m3,107,Unhealthy for Sensitive Groups,Valid,4,ap
29/04/2020 19:00,19,32.9,ug/m3,95,Moderate,Valid,4,ap
29/04/2020 20:00,20,30.9,ug/m3,91,Moderate,Valid,4,ap
29/04/2020 21:00,21,30.9,ug/m3,91,Moderate,Valid,4,ap
29/04/2020 22:00,22,32.9,ug/m3,95,Moderate,Valid,4,ap
29/04/2020 23:00,23,31.2,ug/m3,91,Moderate,Valid,4,ap
30/04/2020 00:00,0,32,ug/m3,93,Moderate,Valid,4,ap
30/04/2020 01:00,1,56,ug/m3,151,Unhealthy,Valid,4,ap
30/04/2020 02:00,2,59.5,ug/m3,153,Unhealthy,Valid,4,ap
30/04/2020 03:00,3,38.2,ug/m3,108,Unhealthy for Sensitive Groups,Valid,4,ap
30/04/2020 04:00,4,32.1,ug/m3,93,Moderate,Valid,4,ap
30/04/2020 05:00,5,38,ug/m3,107,Unhealthy for Sensitive Groups,Valid,4,ap
30/04/2020 06:00,6,35.5,ug/m3,101,Unhealthy for Sensitive Groups,Valid,4,ap
30/04/2020 07:00,7,30.7,ug/m3,90,Moderate,Valid,4,ap
30/04/2020 08:00,8,32.3,ug/m3,93,Moderate,Valid,4,ap
30/04/2020 09:00,9,29.1,ug/m3,87,Moderate,Valid,4,ap
30/04/2020 10:00,10,25.5,ug/m3,79,Moderate,Valid,4,ap
30/04/2020 11:00,11,20.7,ug/m3,69,Moderate,Valid,4,ap
30/04/2020 12:00,12,17.3,ug/m3,62,Moderate,Valid,4,ap
30/04/2020 13:00,13,16.1,ug/m3,59,Moderate,Valid,4,ap
30/04/2020 14:00,14,18,ug/m3,63,Moderate,Valid,4,ap
30/04/2020 15:00,15,16.5,ug/m3,60,Moderate,Valid,4,ap
30/04/2020 16:00,16,26.2,ug/m3,81,Moderate,Valid,4,ap
30/04/2020 17:00,17,35.1,ug/m3,99,Moderate,Valid,4,ap
30/04/2020 18:00,18,42,ug/m3,117,Unhealthy for Sensitive Groups,Valid,4,ap
30/04/2020 19:00,19,42.5,ug/m3,118,Unhealthy for Sensitive Groups,Valid,4,ap
30/04/2020 20:00,20,49.7,ug/m3,136,Unhealthy for Sensitive Groups,Valid,4,ap
30/04/2020 21:00,21,58.3,ug/m3,152,Unhealthy,Valid,4,ap
30/04/2020 22:00,22,99.7,ug/m3,174,Unhealthy,Valid,4,ap
30/04/2020 23:00,23,116.3,ug/m3,182,Unhealthy,Valid,4,ap
1/5/2020 0:00,0,110.6,ug/m3,179,Unhealthy,Valid,5,my
1/5/2020 1:00,1,82.8,ug/m3,165,Unhealthy,Valid,5,my
1/5/2020 2:00,2,113.4,ug/m3,181,Unhealthy,Valid,5,my
1/5/2020 3:00,3,113.2,ug/m3,181,Unhealthy,Valid,5,my
1/5/2020 4:00,4,112.1,ug/m3,180,Unhealthy,Valid,5,my
1/5/2020 5:00,5,85.5,ug/m3,166,Unhealthy,Valid,5,my
1/5/2020 6:00,6,76.7,ug/m3,162,Unhealthy,Valid,5,my
1/5/2020 7:00,7,87.3,ug/m3,167,Unhealthy,Valid,5,my
1/5/2020 8:00,8,61.6,ug/m3,154,Unhealthy,Valid,5,my
1/5/2020 9:00,9,44.8,ug/m3,124,Unhealthy for Sensitive Groups,Valid,5,my
1/5/2020 10:00,10,30.9,ug/m3,91,Moderate,Valid,5,my
1/5/2020 11:00,11,25.4,ug/m3,79,Moderate,Valid,5,my
1/5/2020 12:00,12,25.7,ug/m3,80,Moderate,Valid,5,my
1/5/2020 13:00,13,24.8,ug/m3,78,Moderate,Valid,5,my
1/5/2020 14:00,14,29.9,ug/m3,88,Moderate,Valid,5,my
1/5/2020 15:00,15,33.4,ug/m3,96,Moderate,Valid,5,my
1/5/2020 16:00,16,36.2,ug/m3,103,Unhealthy for Sensitive Groups,Valid,5,my
1/5/2020 17:00,17,32.1,ug/m3,93,Moderate,Valid,5,my
1/5/2020 18:00,18,64,ug/m3,155,Unhealthy,Valid,5,my
1/5/2020 19:00,19,53,ug/m3,144,Unhealthy for Sensitive Groups,Valid,5,my
1/5/2020 20:00,20,49.5,ug/m3,135,Unhealthy for Sensitive Groups,Valid,5,my
1/5/2020 21:00,21,53.2,ug/m3,145,Unhealthy for Sensitive Groups,Valid,5,my
1/5/2020 22:00,22,61.1,ug/m3,154,Unhealthy,Valid,5,my
1/5/2020 23:00,23,71.5,ug/m3,159,Unhealthy,Valid,5,my
2/5/2020 0:00,0,76.2,ug/m3,162,Unhealthy,Valid,5,my
2/5/2020 1:00,1,71.6,ug/m3,159,Unhealthy,Valid,5,my
2/5/2020 2:00,2,73.3,ug/m3,160,Unhealthy,Valid,5,my
2/5/2020 3:00,3,69.6,ug/m3,158,Unhealthy,Valid,5,my
2/5/2020 4:00,4,69.8,ug/m3,158,Unhealthy,Valid,5,my
2/5/2020 5:00,5,66.9,ug/m3,157,Unhealthy,Valid,5,my
2/5/2020 6:00,6,70.9,ug/m3,159,Unhealthy,Valid,5,my
2/5/2020 7:00,7,69.5,ug/m3,158,Unhealthy,Valid,5,my
2/5/2020 8:00,8,70.7,ug/m3,159,Unhealthy,Valid,5,my
2/5/2020 9:00,9,91.9,ug/m3,170,Unhealthy,Valid,5,my
2/5/2020 10:00,10,71.5,ug/m3,159,Unhealthy,Valid,5,my
2/5/2020 11:00,11,47.7,ug/m3,131,Unhealthy for Sensitive Groups,Valid,5,my
2/5/2020 12:00,12,31.3,ug/m3,91,Moderate,Valid,5,my
2/5/2020 13:00,13,22.6,ug/m3,73,Moderate,Valid,5,my
2/5/2020 14:00,14,19.8,ug/m3,67,Moderate,Valid,5,my
2/5/2020 15:00,15,21.9,ug/m3,72,Moderate,Valid,5,my
2/5/2020 16:00,16,19.4,ug/m3,66,Moderate,Valid,5,my
2/5/2020 17:00,17,18.2,ug/m3,64,Moderate,Valid,5,my
2/5/2020 18:00,18,19.6,ug/m3,67,Moderate,Valid,5,my
2/5/2020 19:00,19,18.2,ug/m3,64,Moderate,Valid,5,my
2/5/2020 20:00,20,26.6,ug/m3,81,Moderate,Valid,5,my
2/5/2020 21:00,21,23.8,ug/m3,76,Moderate,Valid,5,my
2/5/2020 22:00,22,25.4,ug/m3,79,Moderate,Valid,5,my
2/5/2020 23:00,23,26.2,ug/m3,81,Moderate,Valid,5,my
3/5/2020 0:00,0,28.6,ug/m3,86,Moderate,Valid,5,my
3/5/2020 1:00,1,32.3,ug/m3,93,Moderate,Valid,5,my
3/5/2020 2:00,2,29.1,ug/m3,87,Moderate,Valid,5,my
3/5/2020 3:00,3,28,ug/m3,84,Moderate,Valid,5,my
3/5/2020 4:00,4,26,ug/m3,80,Moderate,Valid,5,my
3/5/2020 5:00,5,28.5,ug/m3,85,Moderate,Valid,5,my
3/5/2020 6:00,6,26.7,ug/m3,82,Moderate,Valid,5,my
3/5/2020 7:00,7,30.7,ug/m3,90,Moderate,Valid,5,my
3/5/2020 8:00,8,29.1,ug/m3,87,Moderate,Valid,5,my
3/5/2020 9:00,9,28.7,ug/m3,86,Moderate,Valid,5,my
3/5/2020 10:00,10,28.5,ug/m3,85,Moderate,Valid,5,my
3/5/2020 11:00,11,27.6,ug/m3,84,Moderate,Valid,5,my
3/5/2020 12:00,12,25.3,ug/m3,79,Moderate,Valid,5,my
3/5/2020 13:00,13,24.8,ug/m3,78,Moderate,Valid,5,my
3/5/2020 14:00,14,25.6,ug/m3,79,Moderate,Valid,5,my
3/5/2020 15:00,15,25.7,ug/m3,80,Moderate,Valid,5,my
3/5/2020 16:00,16,26.2,ug/m3,81,Moderate,Valid,5,my
3/5/2020 17:00,17,25.3,ug/m3,79,Moderate,Valid,5,my
3/5/2020 18:00,18,27.5,ug/m3,83,Moderate,Valid,5,my
3/5/2020 19:00,19,32,ug/m3,93,Moderate,Valid,5,my
3/5/2020 20:00,20,36.4,ug/m3,103,Unhealthy for Sensitive Groups,Valid,5,my
3/5/2020 21:00,21,68,ug/m3,157,Unhealthy,Valid,5,my
3/5/2020 22:00,22,81,ug/m3,164,Unhealthy,Valid,5,my
3/5/2020 23:00,23,66,ug/m3,156,Unhealthy,Valid,5,my
4/5/2020 0:00,0,66.5,ug/m3,157,Unhealthy,Valid,5,my
4/5/2020 1:00,1,69.2,ug/m3,158,Unhealthy,Valid,5,my
4/5/2020 2:00,2,63.6,ug/m3,155,Unhealthy,Valid,5,my
4/5/2020 3:00,3,58.3,ug/m3,152,Unhealthy,Valid,5,my
4/5/2020 4:00,4,54.1,ug/m3,147,Unhealthy for Sensitive Groups,Valid,5,my
4/5/2020 5:00,5,47.5,ug/m3,131,Unhealthy for Sensitive Groups,Valid,5,my
4/5/2020 6:00,6,42.2,ug/m3,117,Unhealthy for Sensitive Groups,Valid,5,my
4/5/2020 7:00,7,74.1,ug/m3,161,Unhealthy,Valid,5,my
4/5/2020 8:00,8,78.5,ug/m3,163,Unhealthy,Valid,5,my
4/5/2020 9:00,9,71.2,ug/m3,159,Unhealthy,Valid,5,my
4/5/2020 10:00,10,63.1,ug/m3,155,Unhealthy,Valid,5,my
4/5/2020 11:00,11,56,ug/m3,151,Unhealthy,Valid,5,my
4/5/2020 12:00,12,65,ug/m3,156,Unhealthy,Valid,5,my
4/5/2020 13:00,13,66.5,ug/m3,157,Unhealthy,Valid,5,my
4/5/2020 14:00,14,60.2,ug/m3,153,Unhealthy,Valid,5,my
4/5/2020 15:00,15,57.6,ug/m3,152,Unhealthy,Valid,5,my
4/5/2020 16:00,16,51.8,ug/m3,141,Unhealthy for Sensitive Groups,Valid,5,my
4/5/2020 17:00,17,46.4,ug/m3,128,Unhealthy for Sensitive Groups,Valid,5,my
4/5/2020 18:00,18,41.7,ug/m3,116,Unhealthy for Sensitive Groups,Valid,5,my
4/5/2020 19:00,19,39.8,ug/m3,112,Unhealthy for Sensitive Groups,Valid,5,my
4/5/2020 20:00,20,69.4,ug/m3,158,Unhealthy,Valid,5,my
4/5/2020 21:00,21,79.7,ug/m3,163,Unhealthy,Valid,5,my
4/5/2020 22:00,22,58.3,ug/m3,152,Unhealthy,Valid,5,my
4/5/2020 23:00,23,61.1,ug/m3,154,Unhealthy,Valid,5,my
5/5/2020 0:00,0,116.6,ug/m3,183,Unhealthy,Valid,5,my
5/5/2020 1:00,1,118.8,ug/m3,184,Unhealthy,Valid,5,my
5/5/2020 2:00,2,75.9,ug/m3,162,Unhealthy,Valid,5,my
5/5/2020 3:00,3,49.9,ug/m3,136,Unhealthy for Sensitive Groups,Valid,5,my
5/5/2020 4:00,4,36.4,ug/m3,103,Unhealthy for Sensitive Groups,Valid,5,my
5/5/2020 5:00,5,30.2,ug/m3,89,Moderate,Valid,5,my
5/5/2020 6:00,6,24.6,ug/m3,77,Moderate,Valid,5,my
5/5/2020 7:00,7,25.3,ug/m3,79,Moderate,Valid,5,my
5/5/2020 8:00,8,27.1,ug/m3,83,Moderate,Valid,5,my
5/5/2020 9:00,9,28,ug/m3,84,Moderate,Valid,5,my
5/5/2020 10:00,10,26.5,ug/m3,81,Moderate,Valid,5,my
5/5/2020 11:00,11,26.7,ug/m3,82,Moderate,Valid,5,my
5/5/2020 12:00,12,29.3,ug/m3,87,Moderate,Valid,5,my
5/5/2020 13:00,13,28.9,ug/m3,86,Moderate,Valid,5,my
5/5/2020 14:00,14,27.2,ug/m3,83,Moderate,Valid,5,my
5/5/2020 15:00,15,25.9,ug/m3,80,Moderate,Valid,5,my
5/5/2020 16:00,16,25.5,ug/m3,79,Moderate,Valid,5,my
5/5/2020 17:00,17,26.9,ug/m3,82,Moderate,Valid,5,my
5/5/2020 18:00,18,27.4,ug/m3,83,Moderate,Valid,5,my
5/5/2020 19:00,19,21.5,ug/m3,71,Moderate,Valid,5,my
5/5/2020 20:00,20,17.2,ug/m3,62,Moderate,Valid,5,my
5/5/2020 21:00,21,16.6,ug/m3,60,Moderate,Valid,5,my
5/5/2020 22:00,22,12.8,ug/m3,52,Moderate,Valid,5,my
5/5/2020 23:00,23,13.9,ug/m3,55,Moderate,Valid,5,my
6/5/2020 0:00,0,14.9,ug/m3,57,Moderate,Valid,5,my
6/5/2020 1:00,1,36.4,ug/m3,103,Unhealthy for Sensitive Groups,Valid,5,my
6/5/2020 2:00,2,28.7,ug/m3,86,Moderate,Valid,5,my
6/5/2020 3:00,3,60.3,ug/m3,153,Unhealthy,Valid,5,my
6/5/2020 4:00,4,80.6,ug/m3,164,Unhealthy,Valid,5,my
6/5/2020 5:00,5,67.3,ug/m3,157,Unhealthy,Valid,5,my
6/5/2020 6:00,6,44.6,ug/m3,123,Unhealthy for Sensitive Groups,Valid,5,my
6/5/2020 7:00,7,31.8,ug/m3,92,Moderate,Valid,5,my
6/5/2020 8:00,8,18.9,ug/m3,65,Moderate,Valid,5,my
6/5/2020 9:00,9,12.9,ug/m3,53,Moderate,Valid,5,my
6/5/2020 10:00,10,9.4,ug/m3,39,Good,Valid,5,my
6/5/2020 11:00,11,7.7,ug/m3,32,Good,Valid,5,my
6/5/2020 12:00,12,7.8,ug/m3,33,Good,Valid,5,my
6/5/2020 13:00,13,9.4,ug/m3,39,Good,Valid,5,my
6/5/2020 14:00,14,10.7,ug/m3,45,Good,Valid,5,my
6/5/2020 15:00,15,12.3,ug/m3,51,Moderate,Valid,5,my
6/5/2020 16:00,16,13.1,ug/m3,53,Moderate,Valid,5,my
6/5/2020 17:00,17,27.5,ug/m3,83,Moderate,Valid,5,my
6/5/2020 18:00,18,46.2,ug/m3,127,Unhealthy for Sensitive Groups,Valid,5,my
6/5/2020 19:00,19,47.1,ug/m3,130,Unhealthy for Sensitive Groups,Valid,5,my
6/5/2020 20:00,20,46,ug/m3,127,Unhealthy for Sensitive Groups,Valid,5,my
6/5/2020 21:00,21,43,ug/m3,119,Unhealthy for Sensitive Groups,Valid,5,my
6/5/2020 22:00,22,50,ug/m3,137,Unhealthy for Sensitive Groups,Valid,5,my
6/5/2020 23:00,23,48.5,ug/m3,133,Unhealthy for Sensitive Groups,Valid,5,my
7/5/2020 0:00,0,46.7,ug/m3,129,Unhealthy for Sensitive Groups,Valid,5,my
7/5/2020 1:00,1,41.3,ug/m3,115,Unhealthy for Sensitive Groups,Valid,5,my
7/5/2020 2:00,2,46.1,ug/m3,127,Unhealthy for Sensitive Groups,Valid,5,my
7/5/2020 3:00,3,53.1,ug/m3,144,Unhealthy for Sensitive Groups,Valid,5,my
7/5/2020 4:00,4,91.5,ug/m3,170,Unhealthy,Valid,5,my
7/5/2020 5:00,5,160.3,ug/m3,211,Very Unhealthy,Valid,5,my
7/5/2020 6:00,6,168.6,ug/m3,219,Very Unhealthy,Valid,5,my
7/5/2020 7:00,7,220.3,ug/m3,270,Very Unhealthy,Valid,5,my
7/5/2020 8:00,8,201.1,ug/m3,251,Very Unhealthy,Valid,5,my
7/5/2020 9:00,9,180.1,ug/m3,230,Very Unhealthy,Valid,5,my
7/5/2020 10:00,10,141,ug/m3,195,Unhealthy,Valid,5,my
7/5/2020 11:00,11,101.5,ug/m3,175,Unhealthy,Valid,5,my
7/5/2020 12:00,12,76.7,ug/m3,162,Unhealthy,Valid,5,my
7/5/2020 13:00,13,57.8,ug/m3,152,Unhealthy,Valid,5,my
7/5/2020 14:00,14,47.9,ug/m3,132,Unhealthy for Sensitive Groups,Valid,5,my
7/5/2020 15:00,15,43.9,ug/m3,122,Unhealthy for Sensitive Groups,Valid,5,my
7/5/2020 16:00,16,42.9,ug/m3,119,Unhealthy for Sensitive Groups,Valid,5,my
7/5/2020 17:00,17,49.9,ug/m3,136,Unhealthy for Sensitive Groups,Valid,5,my
7/5/2020 18:00,18,65.9,ug/m3,156,Unhealthy,Valid,5,my
7/5/2020 19:00,19,78.4,ug/m3,163,Unhealthy,Valid,5,my
7/5/2020 20:00,20,46.2,ug/m3,127,Unhealthy for Sensitive Groups,Valid,5,my
7/5/2020 21:00,21,32,ug/m3,93,Moderate,Valid,5,my
7/5/2020 22:00,22,23.5,ug/m3,75,Moderate,Valid,5,my
7/5/2020 23:00,23,21.2,ug/m3,70,Moderate,Valid,5,my
8/5/2020 0:00,0,34.1,ug/m3,97,Moderate,Valid,5,my
8/5/2020 1:00,1,41.5,ug/m3,116,Unhealthy for Sensitive Groups,Valid,5,my
8/5/2020 2:00,2,38.7,ug/m3,109,Unhealthy for Sensitive Groups,Valid,5,my
8/5/2020 3:00,3,90.4,ug/m3,169,Unhealthy,Valid,5,my
8/5/2020 4:00,4,62.7,ug/m3,155,Unhealthy,Valid,5,my
8/5/2020 5:00,5,39.8,ug/m3,112,Unhealthy for Sensitive Groups,Valid,5,my
8/5/2020 6:00,6,33.4,ug/m3,96,Moderate,Valid,5,my
8/5/2020 7:00,7,63.2,ug/m3,155,Unhealthy,Valid,5,my
8/5/2020 8:00,8,118.1,ug/m3,183,Unhealthy,Valid,5,my
8/5/2020 9:00,9,126,ug/m3,187,Unhealthy,Valid,5,my
8/5/2020 10:00,10,108.5,ug/m3,178,Unhealthy,Valid,5,my
8/5/2020 11:00,11,87.7,ug/m3,168,Unhealthy,Valid,5,my
8/5/2020 12:00,12,61.3,ug/m3,154,Unhealthy,Valid,5,my
8/5/2020 13:00,13,49.6,ug/m3,136,Unhealthy for Sensitive Groups,Valid,5,my
8/5/2020 14:00,14,41.3,ug/m3,115,Unhealthy for Sensitive Groups,Valid,5,my
8/5/2020 15:00,15,34.1,ug/m3,97,Moderate,Valid,5,my
8/5/2020 16:00,16,29,ug/m3,87,Moderate,Valid,5,my
8/5/2020 17:00,17,28.5,ug/m3,85,Moderate,Valid,5,my
8/5/2020 18:00,18,34.2,ug/m3,97,Moderate,Valid,5,my
8/5/2020 19:00,19,42.6,ug/m3,118,Unhealthy for Sensitive Groups,Valid,5,my
8/5/2020 20:00,20,61.8,ug/m3,154,Unhealthy,Valid,5,my
8/5/2020 21:00,21,84.8,ug/m3,166,Unhealthy,Valid,5,my
8/5/2020 22:00,22,87.9,ug/m3,168,Unhealthy,Valid,5,my
8/5/2020 23:00,23,83.4,ug/m3,165,Unhealthy,Valid,5,my
9/5/2020 0:00,0,49.2,ug/m3,135,Unhealthy for Sensitive Groups,Valid,5,my
9/5/2020 1:00,1,32.1,ug/m3,93,Moderate,Valid,5,my
9/5/2020 2:00,2,29,ug/m3,87,Moderate,Valid,5,my
9/5/2020 3:00,3,75,ug/m3,161,Unhealthy,Valid,5,my
9/5/2020 4:00,4,92.5,ug/m3,170,Unhealthy,Valid,5,my
9/5/2020 5:00,5,197.2,ug/m3,247,Very Unhealthy,Valid,5,my
9/5/2020 6:00,6,149.6,ug/m3,200,Unhealthy,Valid,5,my
9/5/2020 7:00,7,148.3,ug/m3,199,Unhealthy,Valid,5,my
9/5/2020 8:00,8,105.6,ug/m3,177,Unhealthy,Valid,5,my
9/5/2020 9:00,9,88.8,ug/m3,168,Unhealthy,Valid,5,my
9/5/2020 10:00,10,75.9,ug/m3,162,Unhealthy,Valid,5,my
9/5/2020 11:00,11,87.9,ug/m3,168,Unhealthy,Valid,5,my
9/5/2020 12:00,12,93.4,ug/m3,171,Unhealthy,Valid,5,my
9/5/2020 13:00,13,72.2,ug/m3,160,Unhealthy,Valid,5,my
9/5/2020 14:00,14,54.1,ug/m3,147,Unhealthy for Sensitive Groups,Valid,5,my
9/5/2020 15:00,15,46,ug/m3,127,Unhealthy for Sensitive Groups,Valid,5,my
9/5/2020 16:00,16,43,ug/m3,119,Unhealthy for Sensitive Groups,Valid,5,my
9/5/2020 17:00,17,43.9,ug/m3,122,Unhealthy for Sensitive Groups,Valid,5,my
9/5/2020 18:00,18,54.9,ug/m3,149,Unhealthy for Sensitive Groups,Valid,5,my
9/5/2020 19:00,19,57.9,ug/m3,152,Unhealthy,Valid,5,my
9/5/2020 20:00,20,60.9,ug/m3,154,Unhealthy,Valid,5,my
9/5/2020 21:00,21,58.4,ug/m3,152,Unhealthy,Valid,5,my
9/5/2020 22:00,22,50.2,ug/m3,137,Unhealthy for Sensitive Groups,Valid,5,my
9/5/2020 23:00,23,47.6,ug/m3,131,Unhealthy for Sensitive Groups,Valid,5,my
10/5/2020 0:00,0,49.4,ug/m3,135,Unhealthy for Sensitive Groups,Valid,5,my
10/5/2020 1:00,1,49.2,ug/m3,135,Unhealthy for Sensitive Groups,Valid,5,my
10/5/2020 2:00,2,48.3,ug/m3,133,Unhealthy for Sensitive Groups,Valid,5,my
10/5/2020 3:00,3,51.8,ug/m3,141,Unhealthy for Sensitive Groups,Valid,5,my
10/5/2020 4:00,4,68.2,ug/m3,158,Unhealthy,Valid,5,my
10/5/2020 5:00,5,72.1,ug/m3,160,Unhealthy,Valid,5,my
10/5/2020 6:00,6,66,ug/m3,156,Unhealthy,Valid,5,my
10/5/2020 7:00,7,78.5,ug/m3,163,Unhealthy,Valid,5,my
10/5/2020 8:00,8,70.7,ug/m3,159,Unhealthy,Valid,5,my
10/5/2020 9:00,9,66.8,ug/m3,157,Unhealthy,Valid,5,my
10/5/2020 10:00,10,62.9,ug/m3,155,Unhealthy,Valid,5,my
10/5/2020 11:00,11,60.6,ug/m3,154,Unhealthy,Valid,5,my
10/5/2020 12:00,12,54,ug/m3,147,Unhealthy for Sensitive Groups,Valid,5,my
10/5/2020 13:00,13,51.6,ug/m3,141,Unhealthy for Sensitive Groups,Valid,5,my
10/5/2020 14:00,14,51.3,ug/m3,140,Unhealthy for Sensitive Groups,Valid,5,my
10/5/2020 15:00,15,53,ug/m3,144,Unhealthy for Sensitive Groups,Valid,5,my
10/5/2020 16:00,16,59.3,ug/m3,153,Unhealthy,Valid,5,my
10/5/2020 17:00,17,49.2,ug/m3,135,Unhealthy for Sensitive Groups,Valid,5,my
10/5/2020 18:00,18,40.6,ug/m3,114,Unhealthy for Sensitive Groups,Valid,5,my
10/5/2020 19:00,19,38.8,ug/m3,109,Unhealthy for Sensitive Groups,Valid,5,my
10/5/2020 20:00,20,46.4,ug/m3,128,Unhealthy for Sensitive Groups,Valid,5,my
10/5/2020 21:00,21,54.2,ug/m3,147,Unhealthy for Sensitive Groups,Valid,5,my
10/5/2020 22:00,22,75.6,ug/m3,161,Unhealthy,Valid,5,my
10/5/2020 23:00,23,99.8,ug/m3,174,Unhealthy,Valid,5,my
11/5/2020 0:00,0,90.9,ug/m3,169,Unhealthy,Valid,5,my
11/5/2020 1:00,1,57.9,ug/m3,152,Unhealthy,Valid,5,my
11/5/2020 2:00,2,40.9,ug/m3,114,Unhealthy for Sensitive Groups,Valid,5,my
11/5/2020 3:00,3,37.9,ug/m3,107,Unhealthy for Sensitive Groups,Valid,5,my
11/5/2020 4:00,4,38.9,ug/m3,109,Unhealthy for Sensitive Groups,Valid,5,my
11/5/2020 5:00,5,40.4,ug/m3,113,Unhealthy for Sensitive Groups,Valid,5,my
11/5/2020 6:00,6,40.7,ug/m3,114,Unhealthy for Sensitive Groups,Valid,5,my
11/5/2020 7:00,7,39.3,ug/m3,110,Unhealthy for Sensitive Groups,Valid,5,my
11/5/2020 8:00,8,46.1,ug/m3,127,Unhealthy for Sensitive Groups,Valid,5,my
11/5/2020 9:00,9,47.5,ug/m3,131,Unhealthy for Sensitive Groups,Valid,5,my
11/5/2020 10:00,10,43.7,ug/m3,121,Unhealthy for Sensitive Groups,Valid,5,my
11/5/2020 11:00,11,42.3,ug/m3,118,Unhealthy for Sensitive Groups,Valid,5,my
11/5/2020 12:00,12,41.1,ug/m3,115,Unhealthy for Sensitive Groups,Valid,5,my
11/5/2020 13:00,13,52,ug/m3,142,Unhealthy for Sensitive Groups,Valid,5,my
11/5/2020 14:00,14,61.5,ug/m3,154,Unhealthy,Valid,5,my
11/5/2020 15:00,15,103.7,ug/m3,176,Unhealthy,Valid,5,my
11/5/2020 16:00,16,97.9,ug/m3,173,Unhealthy,Valid,5,my
11/5/2020 17:00,17,86.9,ug/m3,167,Unhealthy,Valid,5,my
11/5/2020 18:00,18,67.4,ug/m3,157,Unhealthy,Valid,5,my
11/5/2020 19:00,19,57.2,ug/m3,152,Unhealthy,Valid,5,my
11/5/2020 20:00,20,56.1,ug/m3,151,Unhealthy,Valid,5,my
11/5/2020 21:00,21,58.5,ug/m3,153,Unhealthy,Valid,5,my
11/5/2020 22:00,22,62.7,ug/m3,155,Unhealthy,Valid,5,my
11/5/2020 23:00,23,65.8,ug/m3,156,Unhealthy,Valid,5,my
12/5/2020 0:00,0,69.9,ug/m3,158,Unhealthy,Valid,5,my
12/5/2020 1:00,1,69.4,ug/m3,158,Unhealthy,Valid,5,my
12/5/2020 2:00,2,72.2,ug/m3,160,Unhealthy,Valid,5,my
12/5/2020 3:00,3,68.1,ug/m3,158,Unhealthy,Valid,5,my
12/5/2020 4:00,4,66.2,ug/m3,157,Unhealthy,Valid,5,my
12/5/2020 5:00,5,68.4,ug/m3,158,Unhealthy,Valid,5,my
12/5/2020 6:00,6,69.7,ug/m3,158,Unhealthy,Valid,5,my
12/5/2020 7:00,7,69.5,ug/m3,158,Unhealthy,Valid,5,my
12/5/2020 8:00,8,63.1,ug/m3,155,Unhealthy,Valid,5,my
12/5/2020 9:00,9,55.9,ug/m3,151,Unhealthy,Valid,5,my
12/5/2020 10:00,10,45.7,ug/m3,126,Unhealthy for Sensitive Groups,Valid,5,my
12/5/2020 11:00,11,48.8,ug/m3,134,Unhealthy for Sensitive Groups,Valid,5,my
12/5/2020 12:00,12,43.9,ug/m3,122,Unhealthy for Sensitive Groups,Valid,5,my
12/5/2020 13:00,13,43.4,ug/m3,120,Unhealthy for Sensitive Groups,Valid,5,my
12/5/2020 14:00,14,39.7,ug/m3,111,Unhealthy for Sensitive Groups,Valid,5,my
12/5/2020 15:00,15,35.8,ug/m3,102,Unhealthy for Sensitive Groups,Valid,5,my
12/5/2020 16:00,16,40.9,ug/m3,114,Unhealthy for Sensitive Groups,Valid,5,my
12/5/2020 17:00,17,44.4,ug/m3,123,Unhealthy for Sensitive Groups,Valid,5,my
12/5/2020 18:00,18,45.7,ug/m3,126,Unhealthy for Sensitive Groups,Valid,5,my
12/5/2020 19:00,19,47.5,ug/m3,131,Unhealthy for Sensitive Groups,Valid,5,my
12/5/2020 20:00,20,49.2,ug/m3,135,Unhealthy for Sensitive Groups,Valid,5,my
12/5/2020 21:00,21,61.2,ug/m3,154,Unhealthy,Valid,5,my
12/5/2020 22:00,22,66.1,ug/m3,156,Unhealthy,Valid,5,my
12/5/2020 23:00,23,67.5,ug/m3,157,Unhealthy,Valid,5,my
13/05/2020 00:00,0,65.7,ug/m3,156,Unhealthy,Valid,5,my
13/05/2020 01:00,1,58.3,ug/m3,152,Unhealthy,Valid,5,my
13/05/2020 02:00,2,57.6,ug/m3,152,Unhealthy,Valid,5,my
13/05/2020 03:00,3,58.5,ug/m3,153,Unhealthy,Valid,5,my
13/05/2020 04:00,4,59.4,ug/m3,153,Unhealthy,Valid,5,my
13/05/2020 05:00,5,56.5,ug/m3,152,Unhealthy,Valid,5,my
13/05/2020 06:00,6,51.4,ug/m3,140,Unhealthy for Sensitive Groups,Valid,5,my
13/05/2020 07:00,7,44.3,ug/m3,123,Unhealthy for Sensitive Groups,Valid,5,my
13/05/2020 08:00,8,37.8,ug/m3,107,Unhealthy for Sensitive Groups,Valid,5,my
13/05/2020 09:00,9,38.4,ug/m3,108,Unhealthy for Sensitive Groups,Valid,5,my
13/05/2020 10:00,10,37.2,ug/m3,105,Unhealthy for Sensitive Groups,Valid,5,my
13/05/2020 11:00,11,38.1,ug/m3,107,Unhealthy for Sensitive Groups,Valid,5,my
13/05/2020 12:00,12,51,ug/m3,139,Unhealthy for Sensitive Groups,Valid,5,my
13/05/2020 13:00,13,52,ug/m3,142,Unhealthy for Sensitive Groups,Valid,5,my
13/05/2020 14:00,14,47.5,ug/m3,131,Unhealthy for Sensitive Groups,Valid,5,my
13/05/2020 15:00,15,45.7,ug/m3,126,Unhealthy for Sensitive Groups,Valid,5,my
13/05/2020 16:00,16,37.3,ug/m3,105,Unhealthy for Sensitive Groups,Valid,5,my
13/05/2020 17:00,17,33.6,ug/m3,96,Moderate,Valid,5,my
13/05/2020 18:00,18,31.3,ug/m3,91,Moderate,Valid,5,my
13/05/2020 19:00,19,43.1,ug/m3,120,Unhealthy for Sensitive Groups,Valid,5,my
13/05/2020 20:00,20,49,ug/m3,134,Unhealthy for Sensitive Groups,Valid,5,my
13/05/2020 21:00,21,49,ug/m3,134,Unhealthy for Sensitive Groups,Valid,5,my
13/05/2020 22:00,22,64,ug/m3,155,Unhealthy,Valid,5,my
13/05/2020 23:00,23,62.5,ug/m3,155,Unhealthy,Valid,5,my
14/05/2020 00:00,0,52.2,ug/m3,142,Unhealthy for Sensitive Groups,Valid,5,my
14/05/2020 01:00,1,46.1,ug/m3,127,Unhealthy for Sensitive Groups,Valid,5,my
14/05/2020 02:00,2,50.5,ug/m3,138,Unhealthy for Sensitive Groups,Valid,5,my
14/05/2020 03:00,3,58.2,ug/m3,152,Unhealthy,Valid,5,my
14/05/2020 04:00,4,86.6,ug/m3,167,Unhealthy,Valid,5,my
14/05/2020 05:00,5,90.3,ug/m3,169,Unhealthy,Valid,5,my
14/05/2020 06:00,6,108.6,ug/m3,178,Unhealthy,Valid,5,my
14/05/2020 07:00,7,123.3,ug/m3,186,Unhealthy,Valid,5,my
14/05/2020 08:00,8,132.6,ug/m3,191,Unhealthy,Valid,5,my
14/05/2020 09:00,9,104.3,ug/m3,176,Unhealthy,Valid,5,my
14/05/2020 10:00,10,67.6,ug/m3,157,Unhealthy,Valid,5,my
14/05/2020 11:00,11,47.8,ug/m3,131,Unhealthy for Sensitive Groups,Valid,5,my
14/05/2020 12:00,12,43.9,ug/m3,122,Unhealthy for Sensitive Groups,Valid,5,my
14/05/2020 13:00,13,39.4,ug/m3,111,Unhealthy for Sensitive Groups,Valid,5,my
14/05/2020 14:00,14,34.2,ug/m3,97,Moderate,Valid,5,my
14/05/2020 15:00,15,31.6,ug/m3,92,Moderate,Valid,5,my
14/05/2020 16:00,16,31.2,ug/m3,91,Moderate,Valid,5,my
14/05/2020 17:00,17,32.1,ug/m3,93,Moderate,Valid,5,my
14/05/2020 18:00,18,30.5,ug/m3,90,Moderate,Valid,5,my
14/05/2020 19:00,19,24.7,ug/m3,77,Moderate,Valid,5,my
14/05/2020 20:00,20,30.3,ug/m3,89,Moderate,Valid,5,my
14/05/2020 21:00,21,58.6,ug/m3,153,Unhealthy,Valid,5,my
14/05/2020 22:00,22,76.8,ug/m3,162,Unhealthy,Valid,5,my
14/05/2020 23:00,23,81.9,ug/m3,165,Unhealthy,Valid,5,my
15/05/2020 00:00,0,90.4,ug/m3,169,Unhealthy,Valid,5,my
15/05/2020 01:00,1,72.7,ug/m3,160,Unhealthy,Valid,5,my
15/05/2020 02:00,2,59.3,ug/m3,153,Unhealthy,Valid,5,my
15/05/2020 03:00,3,40.6,ug/m3,114,Unhealthy for Sensitive Groups,Valid,5,my
15/05/2020 04:00,4,32.3,ug/m3,93,Moderate,Valid,5,my
15/05/2020 05:00,5,28.1,ug/m3,85,Moderate,Valid,5,my
15/05/2020 06:00,6,51,ug/m3,139,Unhealthy for Sensitive Groups,Valid,5,my
15/05/2020 07:00,7,75.5,ug/m3,161,Unhealthy,Valid,5,my
15/05/2020 08:00,8,77.7,ug/m3,162,Unhealthy,Valid,5,my
15/05/2020 09:00,9,62.3,ug/m3,155,Unhealthy,Valid,5,my
15/05/2020 10:00,10,44.6,ug/m3,123,Unhealthy for Sensitive Groups,Valid,5,my
15/05/2020 11:00,11,32.8,ug/m3,95,Moderate,Valid,5,my
15/05/2020 12:00,12,23.9,ug/m3,76,Moderate,Valid,5,my
15/05/2020 13:00,13,20.9,ug/m3,70,Moderate,Valid,5,my
15/05/2020 14:00,14,21.9,ug/m3,72,Moderate,Valid,5,my
15/05/2020 15:00,15,23.9,ug/m3,76,Moderate,Valid,5,my
15/05/2020 16:00,16,25.4,ug/m3,79,Moderate,Valid,5,my
15/05/2020 17:00,17,22.7,ug/m3,73,Moderate,Valid,5,my
15/05/2020 18:00,18,40.3,ug/m3,113,Unhealthy for Sensitive Groups,Valid,5,my
15/05/2020 19:00,19,37.6,ug/m3,106,Unhealthy for Sensitive Groups,Valid,5,my
15/05/2020 20:00,20,41.3,ug/m3,115,Unhealthy for Sensitive Groups,Valid,5,my
15/05/2020 21:00,21,40.6,ug/m3,114,Unhealthy for Sensitive Groups,Valid,5,my
15/05/2020 22:00,22,61.3,ug/m3,154,Unhealthy,Valid,5,my
15/05/2020 23:00,23,47.6,ug/m3,131,Unhealthy for Sensitive Groups,Valid,5,my
16/05/2020 00:00,0,34.8,ug/m3,99,Moderate,Valid,5,my
16/05/2020 01:00,1,111.4,ug/m3,180,Unhealthy,Valid,5,my
16/05/2020 02:00,2,98.7,ug/m3,173,Unhealthy,Valid,5,my
16/05/2020 03:00,3,82.3,ug/m3,165,Unhealthy,Valid,5,my
16/05/2020 04:00,4,73.6,ug/m3,160,Unhealthy,Valid,5,my
16/05/2020 05:00,5,70.8,ug/m3,159,Unhealthy,Valid,5,my
16/05/2020 06:00,6,76.9,ug/m3,162,Unhealthy,Valid,5,my
16/05/2020 07:00,7,53.4,ug/m3,145,Unhealthy for Sensitive Groups,Valid,5,my
16/05/2020 08:00,8,36.2,ug/m3,103,Unhealthy for Sensitive Groups,Valid,5,my
16/05/2020 09:00,9,26.6,ug/m3,81,Moderate,Valid,5,my
16/05/2020 10:00,10,22.2,ug/m3,72,Moderate,Valid,5,my
16/05/2020 11:00,11,20.1,ug/m3,68,Moderate,Valid,5,my
16/05/2020 12:00,12,21.5,ug/m3,71,Moderate,Valid,5,my
16/05/2020 13:00,13,21.2,ug/m3,70,Moderate,Valid,5,my
16/05/2020 14:00,14,21.1,ug/m3,70,Moderate,Valid,5,my
16/05/2020 15:00,15,21.5,ug/m3,71,Moderate,Valid,5,my
16/05/2020 16:00,16,20.2,ug/m3,68,Moderate,Valid,5,my
16/05/2020 17:00,17,21.6,ug/m3,71,Moderate,Valid,5,my
16/05/2020 18:00,18,29.8,ug/m3,88,Moderate,Valid,5,my
16/05/2020 19:00,19,29.4,ug/m3,87,Moderate,Valid,5,my
16/05/2020 20:00,20,26.2,ug/m3,81,Moderate,Valid,5,my
16/05/2020 21:00,21,29.6,ug/m3,88,Moderate,Valid,5,my
16/05/2020 22:00,22,25.8,ug/m3,80,Moderate,Valid,5,my
16/05/2020 23:00,23,20.4,ug/m3,68,Moderate,Valid,5,my
17/05/2020 00:00,0,16.1,ug/m3,59,Moderate,Valid,5,my
17/05/2020 01:00,1,13,ug/m3,53,Moderate,Valid,5,my
17/05/2020 02:00,2,15,ug/m3,57,Moderate,Valid,5,my
17/05/2020 03:00,3,14.5,ug/m3,56,Moderate,Valid,5,my
17/05/2020 04:00,4,30.2,ug/m3,89,Moderate,Valid,5,my
17/05/2020 05:00,5,37.6,ug/m3,106,Unhealthy for Sensitive Groups,Valid,5,my
17/05/2020 06:00,6,26.8,ug/m3,82,Moderate,Valid,5,my
17/05/2020 07:00,7,23.9,ug/m3,76,Moderate,Valid,5,my
17/05/2020 08:00,8,27.9,ug/m3,84,Moderate,Valid,5,my
17/05/2020 09:00,9,44.9,ug/m3,124,Unhealthy for Sensitive Groups,Valid,5,my
17/05/2020 10:00,10,57.9,ug/m3,152,Unhealthy,Valid,5,my
17/05/2020 11:00,11,44.5,ug/m3,123,Unhealthy for Sensitive Groups,Valid,5,my
17/05/2020 12:00,12,32.2,ug/m3,93,Moderate,Valid,5,my
17/05/2020 13:00,13,26.1,ug/m3,80,Moderate,Valid,5,my
17/05/2020 14:00,14,25,ug/m3,78,Moderate,Valid,5,my
17/05/2020 15:00,15,25,ug/m3,78,Moderate,Valid,5,my
17/05/2020 16:00,16,26,ug/m3,80,Moderate,Valid,5,my
17/05/2020 17:00,17,25.5,ug/m3,79,Moderate,Valid,5,my
17/05/2020 18:00,18,26.2,ug/m3,81,Moderate,Valid,5,my
17/05/2020 19:00,19,26.6,ug/m3,81,Moderate,Valid,5,my
17/05/2020 20:00,20,38.8,ug/m3,109,Unhealthy for Sensitive Groups,Valid,5,my
17/05/2020 21:00,21,33.4,ug/m3,96,Moderate,Valid,5,my
17/05/2020 22:00,22,28.1,ug/m3,85,Moderate,Valid,5,my
17/05/2020 23:00,23,24,ug/m3,76,Moderate,Valid,5,my
18/05/2020 00:00,0,19.5,ug/m3,67,Moderate,Valid,5,my
18/05/2020 01:00,1,15.7,ug/m3,59,Moderate,Valid,5,my
18/05/2020 02:00,2,16.3,ug/m3,60,Moderate,Valid,5,my
18/05/2020 03:00,3,16.6,ug/m3,60,Moderate,Valid,5,my
18/05/2020 04:00,4,17.8,ug/m3,63,Moderate,Valid,5,my
18/05/2020 05:00,5,16.4,ug/m3,60,Moderate,Valid,5,my
18/05/2020 06:00,6,16.7,ug/m3,61,Moderate,Valid,5,my
18/05/2020 07:00,7,16.8,ug/m3,61,Moderate,Valid,5,my
18/05/2020 08:00,8,17.9,ug/m3,63,Moderate,Valid,5,my
18/05/2020 09:00,9,18.4,ug/m3,64,Moderate,Valid,5,my
18/05/2020 10:00,10,61.7,ug/m3,154,Unhealthy,Valid,5,my
18/05/2020 11:00,11,75.8,ug/m3,161,Unhealthy,Valid,5,my
18/05/2020 12:00,12,51.4,ug/m3,140,Unhealthy for Sensitive Groups,Valid,5,my
18/05/2020 13:00,13,38.7,ug/m3,109,Unhealthy for Sensitive Groups,Valid,5,my
18/05/2020 14:00,14,30.8,ug/m3,90,Moderate,Valid,5,my
18/05/2020 15:00,15,29.4,ug/m3,87,Moderate,Valid,5,my
18/05/2020 16:00,16,29.2,ug/m3,87,Moderate,Valid,5,my
18/05/2020 17:00,17,55.6,ug/m3,151,Unhealthy,Valid,5,my
18/05/2020 18:00,18,42.8,ug/m3,119,Unhealthy for Sensitive Groups,Valid,5,my
18/05/2020 19:00,19,39.4,ug/m3,111,Unhealthy for Sensitive Groups,Valid,5,my
18/05/2020 20:00,20,68.7,ug/m3,158,Unhealthy,Valid,5,my
18/05/2020 21:00,21,70.3,ug/m3,159,Unhealthy,Valid,5,my
18/05/2020 22:00,22,80.6,ug/m3,164,Unhealthy,Valid,5,my
18/05/2020 23:00,23,79.8,ug/m3,164,Unhealthy,Valid,5,my
19/05/2020 00:00,0,70.9,ug/m3,159,Unhealthy,Valid,5,my
19/05/2020 01:00,1,47.9,ug/m3,132,Unhealthy for Sensitive Groups,Valid,5,my
19/05/2020 02:00,2,48.9,ug/m3,134,Unhealthy for Sensitive Groups,Valid,5,my
19/05/2020 03:00,3,36.9,ug/m3,104,Unhealthy for Sensitive Groups,Valid,5,my
19/05/2020 04:00,4,25.4,ug/m3,79,Moderate,Valid,5,my
19/05/2020 05:00,5,63.7,ug/m3,155,Unhealthy,Valid,5,my
19/05/2020 06:00,6,76.3,ug/m3,162,Unhealthy,Valid,5,my
19/05/2020 07:00,7,105.2,ug/m3,177,Unhealthy,Valid,5,my
19/05/2020 08:00,8,89.5,ug/m3,169,Unhealthy,Valid,5,my
19/05/2020 09:00,9,74.7,ug/m3,161,Unhealthy,Valid,5,my
19/05/2020 10:00,10,61.3,ug/m3,154,Unhealthy,Valid,5,my
19/05/2020 11:00,11,61.3,ug/m3,154,Unhealthy,Missing,5,my
19/05/2020 12:00,12,61.3,ug/m3,154,Unhealthy,Missing,5,my
19/05/2020 13:00,13,61.3,ug/m3,154,Unhealthy,Missing,5,my
19/05/2020 14:00,14,61.3,ug/m3,154,Unhealthy,Missing,5,my
27/05/2020 15:00,15,-999,ug/m3,-999,N/A,Valid,5,my
27/05/2020 16:00,16,10.1,ug/m3,42,Good,Valid,5,my
27/05/2020 17:00,17,15.2,ug/m3,58,Moderate,Valid,5,my
27/05/2020 18:00,18,32.7,ug/m3,94,Moderate,Valid,5,my
27/05/2020 19:00,19,23,ug/m3,74,Moderate,Valid,5,my
27/05/2020 20:00,20,15.9,ug/m3,59,Moderate,Valid,5,my
27/05/2020 21:00,21,10.4,ug/m3,43,Good,Valid,5,my
27/05/2020 22:00,22,11.7,ug/m3,49,Good,Valid,5,my
27/05/2020 23:00,23,24.3,ug/m3,77,Moderate,Valid,5,my
28/05/2020 00:00,0,13.6,ug/m3,54,Moderate,Valid,5,my
28/05/2020 01:00,1,9.8,ug/m3,41,Good,Valid,5,my
28/05/2020 02:00,2,6.9,ug/m3,29,Good,Valid,5,my
28/05/2020 03:00,3,5.9,ug/m3,25,Good,Valid,5,my
28/05/2020 04:00,4,6.9,ug/m3,29,Good,Valid,5,my
28/05/2020 05:00,5,10.4,ug/m3,43,Good,Valid,5,my
28/05/2020 06:00,6,12.7,ug/m3,52,Moderate,Valid,5,my
28/05/2020 07:00,7,17.8,ug/m3,63,Moderate,Valid,5,my
28/05/2020 08:00,8,32.9,ug/m3,95,Moderate,Valid,5,my
28/05/2020 09:00,9,25.9,ug/m3,80,Moderate,Valid,5,my
28/05/2020 10:00,10,24.9,ug/m3,78,Moderate,Valid,5,my
28/05/2020 11:00,11,24.9,ug/m3,78,Moderate,Valid,5,my
28/05/2020 12:00,12,27.4,ug/m3,83,Moderate,Valid,5,my
28/05/2020 13:00,13,34.2,ug/m3,97,Moderate,Valid,5,my
28/05/2020 14:00,14,34.6,ug/m3,98,Moderate,Valid,5,my
28/05/2020 15:00,15,30.8,ug/m3,90,Moderate,Valid,5,my
28/05/2020 16:00,16,28.9,ug/m3,86,Moderate,Valid,5,my
28/05/2020 17:00,17,28.9,ug/m3,86,Moderate,Valid,5,my
28/05/2020 18:00,18,26.9,ug/m3,82,Moderate,Valid,5,my
28/05/2020 19:00,19,27.4,ug/m3,83,Moderate,Valid,5,my
28/05/2020 20:00,20,27.2,ug/m3,83,Moderate,Valid,5,my
28/05/2020 21:00,21,30.5,ug/m3,90,Moderate,Valid,5,my
28/05/2020 22:00,22,44.5,ug/m3,123,Unhealthy for Sensitive Groups,Valid,5,my
28/05/2020 23:00,23,37.2,ug/m3,105,Unhealthy for Sensitive Groups,Valid,5,my
29/05/2020 00:00,0,36.1,ug/m3,102,Unhealthy for Sensitive Groups,Valid,5,my
29/05/2020 01:00,1,30.5,ug/m3,90,Moderate,Valid,5,my
29/05/2020 02:00,2,28.2,ug/m3,85,Moderate,Valid,5,my
29/05/2020 03:00,3,27.6,ug/m3,84,Moderate,Valid,5,my
29/05/2020 04:00,4,30.3,ug/m3,89,Moderate,Valid,5,my
29/05/2020 05:00,5,53.1,ug/m3,144,Unhealthy for Sensitive Groups,Valid,5,my
29/05/2020 06:00,6,56.5,ug/m3,152,Unhealthy,Valid,5,my
29/05/2020 07:00,7,41.2,ug/m3,115,Unhealthy for Sensitive Groups,Valid,5,my
29/05/2020 08:00,8,35.1,ug/m3,99,Moderate,Valid,5,my
29/05/2020 09:00,9,30.5,ug/m3,90,Moderate,Valid,5,my
29/05/2020 10:00,10,26.7,ug/m3,82,Moderate,Valid,5,my
29/05/2020 11:00,11,31.8,ug/m3,92,Moderate,Valid,5,my
29/05/2020 12:00,12,31.4,ug/m3,92,Moderate,Valid,5,my
29/05/2020 13:00,13,31.2,ug/m3,91,Moderate,Valid,5,my
29/05/2020 14:00,14,29.6,ug/m3,88,Moderate,Valid,5,my
29/05/2020 15:00,15,25.8,ug/m3,80,Moderate,Valid,5,my
29/05/2020 16:00,16,23.4,ug/m3,75,Moderate,Valid,5,my
29/05/2020 17:00,17,20.1,ug/m3,68,Moderate,Valid,5,my
29/05/2020 18:00,18,17.5,ug/m3,62,Moderate,Valid,5,my
29/05/2020 19:00,19,17.2,ug/m3,62,Moderate,Valid,5,my
29/05/2020 20:00,20,26.6,ug/m3,81,Moderate,Valid,5,my
29/05/2020 21:00,21,25.8,ug/m3,80,Moderate,Valid,5,my
29/05/2020 22:00,22,23.9,ug/m3,76,Moderate,Valid,5,my
29/05/2020 23:00,23,30.4,ug/m3,89,Moderate,Valid,5,my
30/05/2020 00:00,0,34.7,ug/m3,99,Moderate,Valid,5,my
30/05/2020 01:00,1,45.8,ug/m3,126,Unhealthy for Sensitive Groups,Valid,5,my
30/05/2020 02:00,2,36.4,ug/m3,103,Unhealthy for Sensitive Groups,Valid,5,my
30/05/2020 03:00,3,35.7,ug/m3,101,Unhealthy for Sensitive Groups,Valid,5,my
30/05/2020 04:00,4,38.8,ug/m3,109,Unhealthy for Sensitive Groups,Valid,5,my
30/05/2020 05:00,5,34.4,ug/m3,98,Moderate,Valid,5,my
30/05/2020 06:00,6,29.7,ug/m3,88,Moderate,Valid,5,my
30/05/2020 07:00,7,23.8,ug/m3,76,Moderate,Valid,5,my
30/05/2020 08:00,8,15.4,ug/m3,58,Moderate,Valid,5,my
30/05/2020 09:00,9,11.7,ug/m3,49,Good,Valid,5,my
30/05/2020 10:00,10,9.8,ug/m3,41,Good,Valid,5,my
30/05/2020 11:00,11,10.4,ug/m3,43,Good,Valid,5,my
30/05/2020 12:00,12,12.2,ug/m3,51,Moderate,Valid,5,my
30/05/2020 13:00,13,13,ug/m3,53,Moderate,Valid,5,my
30/05/2020 14:00,14,14,ug/m3,55,Moderate,Valid,5,my
30/05/2020 15:00,15,12.5,ug/m3,52,Moderate,Valid,5,my
30/05/2020 16:00,16,12.2,ug/m3,51,Moderate,Valid,5,my
30/05/2020 17:00,17,14.6,ug/m3,56,Moderate,Valid,5,my
30/05/2020 18:00,18,20.8,ug/m3,69,Moderate,Valid,5,my
30/05/2020 19:00,19,24.9,ug/m3,78,Moderate,Valid,5,my
30/05/2020 20:00,20,23.4,ug/m3,75,Moderate,Valid,5,my
30/05/2020 21:00,21,21.2,ug/m3,70,Moderate,Valid,5,my
30/05/2020 22:00,22,20.6,ug/m3,69,Moderate,Valid,5,my
30/05/2020 23:00,23,23.8,ug/m3,76,Moderate,Valid,5,my
